codigo,municipio,tier,anillos_agregacion,anillos_troncal,bw_propio_mbps,bw_downstream_mbps,bw_acumulado_mbps,n_downstream_links,equipo_principal,n_unidades,capex_equipo,capex_chasis,capex_extra,sedes_abast,equipo_cliente_capex,capex_total_nodo
1,A1,acceso,,,34.0,0.0,34.0,0,equipo_cliente,0,0.0,0.0,0.0,0,0.0,0.0
2,A2,acceso,,,34.0,0.0,34.0,0,equipo_cliente,0,0.0,0.0,0.0,0,0.0,0.0
3,A3,acceso,,,34.0,0.0,34.0,0,equipo_cliente,0,0.0,0.0,0.0,0,0.0,0.0
4,A4,acceso,,,34.0,0.0,34.0,0,equipo_cliente,0,0.0,0.0,0.0,0,0.0,0.0
5,A5,acceso,,,34.0,0.0,34.0,0,equipo_cliente,0,0.0,0.0,0.0,0,0.0,0.0
6,A6,acceso,,,34.0,0.0,34.0,0,equipo_cliente,0,0.0,0.0,0.0,0,0.0,0.0
7,A7,acceso,,,34.0,0.0,34.0,0,equipo_cliente,0,0.0,0.0,0.0,0,0.0,0.0
8,A8,acceso,,,34.0,0.0,34.0,0,equipo_cliente,0,0.0,0.0,0.0,0,0.0,0.0
9,A9,acceso,,,34.0,0.0,34.0,0,equipo_cliente,0,0.0,0.0,0.0,0,0.0,0.0
10,A10,acceso,,,34.0,0.0,34.0,0,equipo_cliente,0,0.0,0.0,0.0,0,0.0,0.0
11,A11,acceso,,,34.0,0.0,34.0,0,equipo_cliente,0,0.0,0.0,0.0,0,0.0,0.0
12,A12,acceso,,,34.0,0.0,34.0,0,equipo_cliente,0,0.0,0.0,0.0,0,0.0,0.0
13,A13,acceso,,,34.0,0.0,34.0,0,equipo_cliente,0,0.0,0.0,0.0,0,0.0,0.0
14,A14,acceso,,,34.0,0.0,34.0,0,equipo_cliente,0,0.0,0.0,0.0,0,0.0,0.0
15,A15,acceso,,,34.0,0.0,34.0,0,equipo_cliente,0,0.0,0.0,0.0,0,0.0,0.0
16,A16,acceso,,,34.0,0.0,34.0,0,equipo_cliente,0,0.0,0.0,0.0,0,0.0,0.0
17,A17,acceso,,,34.0,0.0,34.0,0,equipo_cliente,0,0.0,0.0,0.0,0,0.0,0.0
18,A18,acceso,,,34.0,0.0,34.0,0,equipo_cliente,0,0.0,0.0,0.0,0,0.0,0.0
19,A19,acceso,,,34.0,0.0,34.0,0,equipo_cliente,0,0.0,0.0,0.0,0,0.0,0.0
20,A20,acceso,,,34.0,0.0,34.0,0,equipo_cliente,0,0.0,0.0,0.0,0,0.0,0.0
21,A21,acceso,,,34.0,0.0,34.0,0,equipo_cliente,0,0.0,0.0,0.0,0,0.0,0.0
22,A22,acceso,,,34.0,0.0,34.0,0,equipo_cliente,0,0.0,0.0,0.0,0,0.0,0.0
23,A23,acceso,,,34.0,0.0,34.0,0,equipo_cliente,0,0.0,0.0,0.0,0,0.0,0.0
24,A24,acceso,,,34.0,0.0,34.0,0,equipo_cliente,0,0.0,0.0,0.0,0,0.0,0.0
25,A25,acceso,,,34.0,0.0,34.0,0,equipo_cliente,0,0.0,0.0,0.0,0,0.0,0.0
26,A26,acceso,,,34.0,0.0,34.0,0,equipo_cliente,0,0.0,0.0,0.0,0,0.0,0.0
27,A27,acceso,,,34.0,0.0,34.0,0,equipo_cliente,0,0.0,0.0,0.0,0,0.0,0.0
28,A28,acceso,,,34.0,0.0,34.0,0,equipo_cliente,0,0.0,0.0,0.0,0,0.0,0.0
29,A29,acceso,,,34.0,0.0,34.0,0,equipo_cliente,0,0.0,0.0,0.0,0,0.0,0.0
30,A30,acceso,,,34.0,0.0,34.0,0,equipo_cliente,0,0.0,0.0,0.0,0,0.0,0.0
31,A31,acceso,,,34.0,0.0,34.0,0,equipo_cliente,0,0.0,0.0,0.0,0,0.0,0.0
32,A32,acceso,,,34.0,0.0,34.0,0,equipo_cliente,0,0.0,0.0,0.0,0,0.0,0.0
33,A33,acceso,,,34.0,0.0,34.0,0,equipo_cliente,0,0.0,0.0,0.0,0,0.0,0.0
34,A34,acceso,,,34.0,0.0,34.0,0,equipo_cliente,0,0.0,0.0,0.0,0,0.0,0.0
35,A35,acceso,,,34.0,0.0,34.0,0,equipo_cliente,0,0.0,0.0,0.0,0,0.0,0.0
36,A36,acceso,,,34.0,0.0,34.0,0,equipo_cliente,0,0.0,0.0,0.0,0,0.0,0.0
37,A37,acceso,,,34.0,0.0,34.0,0,equipo_cliente,0,0.0,0.0,0.0,0,0.0,0.0
38,A38,acceso,,,34.0,0.0,34.0,0,equipo_cliente,0,0.0,0.0,0.0,0,0.0,0.0
39,A39,acceso,,,34.0,0.0,34.0,0,equipo_cliente,0,0.0,0.0,0.0,0,0.0,0.0
40,A40,acceso,,,34.0,0.0,34.0,0,equipo_cliente,0,0.0,0.0,0.0,0,0.0,0.0
41,A41,acceso,,,34.0,0.0,34.0,0,equipo_cliente,0,0.0,0.0,0.0,0,0.0,0.0
42,A42,acceso,,,34.0,0.0,34.0,0,equipo_cliente,0,0.0,0.0,0.0,0,0.0,0.0
43,A43,acceso,,,34.0,0.0,34.0,0,equipo_cliente,0,0.0,0.0,0.0,0,0.0,0.0
44,A44,acceso,,,34.0,0.0,34.0,0,equipo_cliente,0,0.0,0.0,0.0,0,0.0,0.0
45,A45,acceso,,,34.0,0.0,34.0,0,equipo_cliente,0,0.0,0.0,0.0,0,0.0,0.0
46,A46,acceso,,,34.0,0.0,34.0,0,equipo_cliente,0,0.0,0.0,0.0,0,0.0,0.0
47,A47,acceso,,,34.0,0.0,34.0,0,equipo_cliente,0,0.0,0.0,0.0,0,0.0,0.0
48,A48,acceso,,,34.0,0.0,34.0,0,equipo_cliente,0,0.0,0.0,0.0,0,0.0,0.0
49,A49,acceso,,,34.0,0.0,34.0,0,equipo_cliente,0,0.0,0.0,0.0,0,0.0,0.0
50,A50,acceso,,,34.0,0.0,34.0,0,equipo_cliente,0,0.0,0.0,0.0,0,0.0,0.0
51,A51,acceso,,,34.0,0.0,34.0,0,equipo_cliente,0,0.0,0.0,0.0,0,0.0,0.0
52,A52,acceso,,,34.0,0.0,34.0,0,equipo_cliente,0,0.0,0.0,0.0,0,0.0,0.0
53,A53,acceso,,,34.0,0.0,34.0,0,equipo_cliente,0,0.0,0.0,0.0,0,0.0,0.0
54,A54,acceso,,,34.0,0.0,34.0,0,equipo_cliente,0,0.0,0.0,0.0,0,0.0,0.0
55,A55,acceso,,,34.0,0.0,34.0,0,equipo_cliente,0,0.0,0.0,0.0,0,0.0,0.0
56,A56,acceso,,,34.0,0.0,34.0,0,equipo_cliente,0,0.0,0.0,0.0,0,0.0,0.0
57,A57,acceso,,,34.0,0.0,34.0,0,equipo_cliente,0,0.0,0.0,0.0,0,0.0,0.0
58,A58,acceso,,,34.0,0.0,34.0,0,equipo_cliente,0,0.0,0.0,0.0,0,0.0,0.0
59,A59,acceso,,,34.0,0.0,34.0,0,equipo_cliente,0,0.0,0.0,0.0,0,0.0,0.0
60,A60,acceso,,,34.0,0.0,34.0,0,equipo_cliente,0,0.0,0.0,0.0,0,0.0,0.0
61,A61,acceso,,,34.0,0.0,34.0,0,equipo_cliente,0,0.0,0.0,0.0,0,0.0,0.0
62,A62,acceso,,,34.0,0.0,34.0,0,equipo_cliente,0,0.0,0.0,0.0,0,0.0,0.0
63,A63,acceso,,,34.0,0.0,34.0,0,equipo_cliente,0,0.0,0.0,0.0,0,0.0,0.0
64,A64,acceso,,,34.0,0.0,34.0,0,equipo_cliente,0,0.0,0.0,0.0,0,0.0,0.0
65,A65,acceso,,,34.0,0.0,34.0,0,equipo_cliente,0,0.0,0.0,0.0,0,0.0,0.0
66,A66,acceso,,,34.0,0.0,34.0,0,equipo_cliente,0,0.0,0.0,0.0,0,0.0,0.0
67,A67,acceso,,,34.0,0.0,34.0,0,equipo_cliente,0,0.0,0.0,0.0,0,0.0,0.0
68,A68,acceso,,,34.0,0.0,34.0,0,equipo_cliente,0,0.0,0.0,0.0,0,0.0,0.0
69,A69,acceso,,,34.0,0.0,34.0,0,equipo_cliente,0,0.0,0.0,0.0,0,0.0,0.0
70,A70,acceso,,,34.0,0.0,34.0,0,equipo_cliente,0,0.0,0.0,0.0,0,0.0,0.0
71,A71,acceso,,,34.0,0.0,34.0,0,equipo_cliente,0,0.0,0.0,0.0,0,0.0,0.0
72,A72,acceso,,,34.0,0.0,34.0,0,equipo_cliente,0,0.0,0.0,0.0,0,0.0,0.0
73,A73,acceso,,,34.0,0.0,34.0,0,equipo_cliente,0,0.0,0.0,0.0,0,0.0,0.0
74,A74,acceso,,,34.0,0.0,34.0,0,equipo_cliente,0,0.0,0.0,0.0,0,0.0,0.0
75,A75,acceso,,,34.0,0.0,34.0,0,equipo_cliente,0,0.0,0.0,0.0,0,0.0,0.0
76,A76,acceso,,,34.0,0.0,34.0,0,equipo_cliente,0,0.0,0.0,0.0,0,0.0,0.0
77,A77,acceso,,,34.0,0.0,34.0,0,equipo_cliente,0,0.0,0.0,0.0,0,0.0,0.0
78,A78,acceso,,,34.0,0.0,34.0,0,equipo_cliente,0,0.0,0.0,0.0,0,0.0,0.0
79,A79,acceso,,,34.0,0.0,34.0,0,equipo_cliente,0,0.0,0.0,0.0,0,0.0,0.0
80,A80,acceso,,,34.0,0.0,34.0,0,equipo_cliente,0,0.0,0.0,0.0,0,0.0,0.0
81,A81,acceso,,,34.0,0.0,34.0,0,equipo_cliente,0,0.0,0.0,0.0,0,0.0,0.0
82,A82,acceso,,,34.0,0.0,34.0,0,equipo_cliente,0,0.0,0.0,0.0,0,0.0,0.0
83,A83,acceso,,,34.0,0.0,34.0,0,equipo_cliente,0,0.0,0.0,0.0,0,0.0,0.0
84,A84,acceso,,,34.0,0.0,34.0,0,equipo_cliente,0,0.0,0.0,0.0,0,0.0,0.0
85,A85,acceso,,,34.0,0.0,34.0,0,equipo_cliente,0,0.0,0.0,0.0,0,0.0,0.0
86,A86,acceso,,,34.0,0.0,34.0,0,equipo_cliente,0,0.0,0.0,0.0,0,0.0,0.0
87,A87,acceso,,,34.0,0.0,34.0,0,equipo_cliente,0,0.0,0.0,0.0,0,0.0,0.0
88,A88,acceso,,,34.0,0.0,34.0,0,equipo_cliente,0,0.0,0.0,0.0,0,0.0,0.0
89,A89,acceso,,,34.0,0.0,34.0,0,equipo_cliente,0,0.0,0.0,0.0,0,0.0,0.0
90,A90,acceso,,,34.0,0.0,34.0,0,equipo_cliente,0,0.0,0.0,0.0,0,0.0,0.0
91,A91,acceso,,,34.0,0.0,34.0,0,equipo_cliente,0,0.0,0.0,0.0,0,0.0,0.0
92,A92,acceso,,,34.0,0.0,34.0,0,equipo_cliente,0,0.0,0.0,0.0,0,0.0,0.0
93,A93,acceso,,,34.0,0.0,34.0,0,equipo_cliente,0,0.0,0.0,0.0,0,0.0,0.0
94,A94,acceso,,,34.0,0.0,34.0,0,equipo_cliente,0,0.0,0.0,0.0,0,0.0,0.0
95,A95,acceso,,,34.0,0.0,34.0,0,equipo_cliente,0,0.0,0.0,0.0,0,0.0,0.0
96,A96,acceso,,,34.0,0.0,34.0,0,equipo_cliente,0,0.0,0.0,0.0,0,0.0,0.0
97,A97,acceso,,,34.0,0.0,34.0,0,equipo_cliente,0,0.0,0.0,0.0,0,0.0,0.0
98,A98,acceso,,,34.0,0.0,34.0,0,equipo_cliente,0,0.0,0.0,0.0,0,0.0,0.0
99,A99,acceso,,,34.0,0.0,34.0,0,equipo_cliente,0,0.0,0.0,0.0,0,0.0,0.0
100,A100,acceso,,,34.0,0.0,34.0,0,equipo_cliente,0,0.0,0.0,0.0,0,0.0,0.0
101,A101,acceso,,,68.0,0.0,68.0,0,equipo_cliente,0,0.0,0.0,0.0,0,0.0,0.0
102,A102,acceso,,,68.0,0.0,68.0,0,equipo_cliente,0,0.0,0.0,0.0,0,0.0,0.0
103,A103,acceso,,,68.0,0.0,68.0,0,equipo_cliente,0,0.0,0.0,0.0,0,0.0,0.0
104,A104,acceso,,,68.0,0.0,68.0,0,equipo_cliente,0,0.0,0.0,0.0,0,0.0,0.0
105,A105,acceso,,,68.0,0.0,68.0,0,equipo_cliente,0,0.0,0.0,0.0,0,0.0,0.0
106,A106,acceso,,,68.0,0.0,68.0,0,equipo_cliente,0,0.0,0.0,0.0,0,0.0,0.0
107,A107,acceso,,,68.0,0.0,68.0,0,equipo_cliente,0,0.0,0.0,0.0,0,0.0,0.0
108,A108,acceso,,,68.0,0.0,68.0,0,equipo_cliente,0,0.0,0.0,0.0,0,0.0,0.0
109,A109,acceso,,,68.0,0.0,68.0,0,equipo_cliente,0,0.0,0.0,0.0,0,0.0,0.0
110,A110,acceso,,,68.0,0.0,68.0,0,equipo_cliente,0,0.0,0.0,0.0,0,0.0,0.0
111,A111,acceso,,,68.0,0.0,68.0,0,equipo_cliente,0,0.0,0.0,0.0,0,0.0,0.0
112,A112,acceso,,,68.0,0.0,68.0,0,equipo_cliente,0,0.0,0.0,0.0,0,0.0,0.0
113,A113,acceso,,,68.0,0.0,68.0,0,equipo_cliente,0,0.0,0.0,0.0,0,0.0,0.0
114,A114,acceso,,,68.0,0.0,68.0,0,equipo_cliente,0,0.0,0.0,0.0,0,0.0,0.0
115,A115,acceso,,,68.0,0.0,68.0,0,equipo_cliente,0,0.0,0.0,0.0,0,0.0,0.0
116,A116,acceso,,,68.0,0.0,68.0,0,equipo_cliente,0,0.0,0.0,0.0,0,0.0,0.0
117,A117,acceso,,,68.0,0.0,68.0,0,equipo_cliente,0,0.0,0.0,0.0,0,0.0,0.0
118,A118,acceso,,,68.0,0.0,68.0,0,equipo_cliente,0,0.0,0.0,0.0,0,0.0,0.0
119,A119,acceso,,,68.0,0.0,68.0,0,equipo_cliente,0,0.0,0.0,0.0,0,0.0,0.0
120,A120,acceso,,,68.0,0.0,68.0,0,equipo_cliente,0,0.0,0.0,0.0,0,0.0,0.0
121,A121,acceso,,,68.0,0.0,68.0,0,equipo_cliente,0,0.0,0.0,0.0,0,0.0,0.0
122,A122,acceso,,,68.0,0.0,68.0,0,equipo_cliente,0,0.0,0.0,0.0,0,0.0,0.0
123,A123,acceso,,,68.0,0.0,68.0,0,equipo_cliente,0,0.0,0.0,0.0,0,0.0,0.0
124,A124,acceso,,,68.0,0.0,68.0,0,equipo_cliente,0,0.0,0.0,0.0,0,0.0,0.0
125,A125,acceso,,,68.0,0.0,68.0,0,equipo_cliente,0,0.0,0.0,0.0,0,0.0,0.0
126,A126,acceso,,,68.0,0.0,68.0,0,equipo_cliente,0,0.0,0.0,0.0,0,0.0,0.0
127,A127,acceso,,,68.0,0.0,68.0,0,equipo_cliente,0,0.0,0.0,0.0,0,0.0,0.0
128,A128,acceso,,,68.0,0.0,68.0,0,equipo_cliente,0,0.0,0.0,0.0,0,0.0,0.0
129,A129,acceso,,,68.0,0.0,68.0,0,equipo_cliente,0,0.0,0.0,0.0,0,0.0,0.0
130,A130,acceso,,,68.0,0.0,68.0,0,equipo_cliente,0,0.0,0.0,0.0,0,0.0,0.0
131,A131,acceso,,,68.0,0.0,68.0,0,equipo_cliente,0,0.0,0.0,0.0,0,0.0,0.0
132,A132,acceso,,,68.0,0.0,68.0,0,equipo_cliente,0,0.0,0.0,0.0,0,0.0,0.0
133,A133,acceso,,,68.0,0.0,68.0,0,equipo_cliente,0,0.0,0.0,0.0,0,0.0,0.0
134,A134,acceso,,,68.0,0.0,68.0,0,equipo_cliente,0,0.0,0.0,0.0,0,0.0,0.0
135,A135,acceso,,,68.0,0.0,68.0,0,equipo_cliente,0,0.0,0.0,0.0,0,0.0,0.0
136,A136,acceso,,,68.0,0.0,68.0,0,equipo_cliente,0,0.0,0.0,0.0,0,0.0,0.0
137,A137,acceso,,,68.0,0.0,68.0,0,equipo_cliente,0,0.0,0.0,0.0,0,0.0,0.0
138,A138,acceso,,,68.0,0.0,68.0,0,equipo_cliente,0,0.0,0.0,0.0,0,0.0,0.0
139,A139,acceso,,,68.0,0.0,68.0,0,equipo_cliente,0,0.0,0.0,0.0,0,0.0,0.0
140,A140,acceso,,,68.0,0.0,68.0,0,equipo_cliente,0,0.0,0.0,0.0,0,0.0,0.0
141,A141,acceso,,,68.0,0.0,68.0,0,equipo_cliente,0,0.0,0.0,0.0,0,0.0,0.0
142,A142,acceso,,,68.0,0.0,68.0,0,equipo_cliente,0,0.0,0.0,0.0,0,0.0,0.0
143,A143,acceso,,,68.0,0.0,68.0,0,equipo_cliente,0,0.0,0.0,0.0,0,0.0,0.0
144,A144,acceso,,,68.0,0.0,68.0,0,equipo_cliente,0,0.0,0.0,0.0,0,0.0,0.0
145,A145,acceso,,,68.0,0.0,68.0,0,equipo_cliente,0,0.0,0.0,0.0,0,0.0,0.0
146,A146,acceso,,,68.0,0.0,68.0,0,equipo_cliente,0,0.0,0.0,0.0,0,0.0,0.0
147,A147,acceso,,,68.0,0.0,68.0,0,equipo_cliente,0,0.0,0.0,0.0,0,0.0,0.0
148,A148,acceso,,,68.0,0.0,68.0,0,equipo_cliente,0,0.0,0.0,0.0,0,0.0,0.0
149,A149,acceso,,,68.0,0.0,68.0,0,equipo_cliente,0,0.0,0.0,0.0,0,0.0,0.0
150,A150,acceso,,,68.0,0.0,68.0,0,equipo_cliente,0,0.0,0.0,0.0,0,0.0,0.0
151,A151,acceso,,,68.0,0.0,68.0,0,equipo_cliente,0,0.0,0.0,0.0,0,0.0,0.0
152,A152,acceso,,,68.0,0.0,68.0,0,equipo_cliente,0,0.0,0.0,0.0,0,0.0,0.0
153,A153,acceso,,,68.0,0.0,68.0,0,equipo_cliente,0,0.0,0.0,0.0,0,0.0,0.0
154,A154,acceso,,,68.0,0.0,68.0,0,equipo_cliente,0,0.0,0.0,0.0,0,0.0,0.0
155,A155,acceso,,,68.0,0.0,68.0,0,equipo_cliente,0,0.0,0.0,0.0,0,0.0,0.0
156,A156,acceso,,,68.0,0.0,68.0,0,equipo_cliente,0,0.0,0.0,0.0,0,0.0,0.0
157,A157,acceso,,,68.0,0.0,68.0,0,equipo_cliente,0,0.0,0.0,0.0,0,0.0,0.0
158,A158,acceso,,,68.0,0.0,68.0,0,equipo_cliente,0,0.0,0.0,0.0,0,0.0,0.0
159,A159,acceso,,,68.0,0.0,68.0,0,equipo_cliente,0,0.0,0.0,0.0,0,0.0,0.0
160,A160,acceso,,,68.0,0.0,68.0,0,equipo_cliente,0,0.0,0.0,0.0,0,0.0,0.0
161,A161,acceso,,,68.0,0.0,68.0,0,equipo_cliente,0,0.0,0.0,0.0,0,0.0,0.0
162,A162,acceso,,,68.0,0.0,68.0,0,equipo_cliente,0,0.0,0.0,0.0,0,0.0,0.0
163,A163,acceso,,,68.0,0.0,68.0,0,equipo_cliente,0,0.0,0.0,0.0,0,0.0,0.0
164,A164,acceso,,,68.0,0.0,68.0,0,equipo_cliente,0,0.0,0.0,0.0,0,0.0,0.0
165,A165,acceso,,,68.0,0.0,68.0,0,equipo_cliente,0,0.0,0.0,0.0,0,0.0,0.0
166,A166,acceso,,,68.0,0.0,68.0,0,equipo_cliente,0,0.0,0.0,0.0,0,0.0,0.0
167,A167,acceso,,,68.0,0.0,68.0,0,equipo_cliente,0,0.0,0.0,0.0,0,0.0,0.0
168,A168,acceso,,,68.0,0.0,68.0,0,equipo_cliente,0,0.0,0.0,0.0,0,0.0,0.0
169,A169,acceso,,,68.0,0.0,68.0,0,equipo_cliente,0,0.0,0.0,0.0,0,0.0,0.0
170,A170,acceso,,,68.0,0.0,68.0,0,equipo_cliente,0,0.0,0.0,0.0,0,0.0,0.0
171,A171,acceso,,,68.0,0.0,68.0,0,equipo_cliente,0,0.0,0.0,0.0,0,0.0,0.0
172,A172,acceso,,,68.0,0.0,68.0,0,equipo_cliente,0,0.0,0.0,0.0,0,0.0,0.0
173,A173,acceso,,,68.0,0.0,68.0,0,equipo_cliente,0,0.0,0.0,0.0,0,0.0,0.0
174,A174,acceso,,,68.0,0.0,68.0,0,equipo_cliente,0,0.0,0.0,0.0,0,0.0,0.0
175,A175,acceso,,,68.0,0.0,68.0,0,equipo_cliente,0,0.0,0.0,0.0,0,0.0,0.0
176,A176,acceso,,,68.0,0.0,68.0,0,equipo_cliente,0,0.0,0.0,0.0,0,0.0,0.0
177,A177,acceso,,,68.0,0.0,68.0,0,equipo_cliente,0,0.0,0.0,0.0,0,0.0,0.0
178,A178,acceso,,,68.0,0.0,68.0,0,equipo_cliente,0,0.0,0.0,0.0,0,0.0,0.0
179,A179,acceso,,,68.0,0.0,68.0,0,equipo_cliente,0,0.0,0.0,0.0,0,0.0,0.0
180,A180,acceso,,,68.0,0.0,68.0,0,equipo_cliente,0,0.0,0.0,0.0,0,0.0,0.0
181,A181,acceso,,,68.0,0.0,68.0,0,equipo_cliente,0,0.0,0.0,0.0,0,0.0,0.0
182,A182,acceso,,,68.0,0.0,68.0,0,equipo_cliente,0,0.0,0.0,0.0,0,0.0,0.0
183,A183,acceso,,,68.0,0.0,68.0,0,equipo_cliente,0,0.0,0.0,0.0,0,0.0,0.0
184,A184,acceso,,,68.0,0.0,68.0,0,equipo_cliente,0,0.0,0.0,0.0,0,0.0,0.0
185,A185,acceso,,,68.0,0.0,68.0,0,equipo_cliente,0,0.0,0.0,0.0,0,0.0,0.0
186,A186,acceso,,,68.0,0.0,68.0,0,equipo_cliente,0,0.0,0.0,0.0,0,0.0,0.0
187,A187,acceso,,,68.0,0.0,68.0,0,equipo_cliente,0,0.0,0.0,0.0,0,0.0,0.0
188,A188,acceso,,,68.0,0.0,68.0,0,equipo_cliente,0,0.0,0.0,0.0,0,0.0,0.0
189,A189,acceso,,,68.0,0.0,68.0,0,equipo_cliente,0,0.0,0.0,0.0,0,0.0,0.0
190,A190,acceso,,,68.0,0.0,68.0,0,equipo_cliente,0,0.0,0.0,0.0,0,0.0,0.0
191,A191,acceso,,,68.0,0.0,68.0,0,equipo_cliente,0,0.0,0.0,0.0,0,0.0,0.0
192,A192,acceso,,,68.0,0.0,68.0,0,equipo_cliente,0,0.0,0.0,0.0,0,0.0,0.0
193,A193,acceso,,,68.0,0.0,68.0,0,equipo_cliente,0,0.0,0.0,0.0,0,0.0,0.0
194,A194,acceso,,,68.0,0.0,68.0,0,equipo_cliente,0,0.0,0.0,0.0,0,0.0,0.0
195,A195,acceso,,,68.0,0.0,68.0,0,equipo_cliente,0,0.0,0.0,0.0,0,0.0,0.0
196,A196,acceso,,,68.0,0.0,68.0,0,equipo_cliente,0,0.0,0.0,0.0,0,0.0,0.0
197,A197,acceso,,,68.0,0.0,68.0,0,equipo_cliente,0,0.0,0.0,0.0,0,0.0,0.0
198,A198,acceso,,,68.0,0.0,68.0,0,equipo_cliente,0,0.0,0.0,0.0,0,0.0,0.0
199,A199,acceso,,,68.0,0.0,68.0,0,equipo_cliente,0,0.0,0.0,0.0,0,0.0,0.0
200,A200,acceso,,,440.0,0.0,440.0,0,equipo_cliente,0,0.0,0.0,0.0,1,300.0,300.0
201,A201,acceso,,,440.0,0.0,440.0,0,equipo_cliente,0,0.0,0.0,0.0,1,300.0,300.0
202,A202,acceso,,,440.0,0.0,440.0,0,equipo_cliente,0,0.0,0.0,0.0,1,300.0,300.0
203,A203,acceso,,,440.0,0.0,440.0,0,equipo_cliente,0,0.0,0.0,0.0,1,300.0,300.0
204,A204,acceso,,,440.0,0.0,440.0,0,equipo_cliente,0,0.0,0.0,0.0,1,300.0,300.0
205,A205,acceso,,,440.0,0.0,440.0,0,equipo_cliente,0,0.0,0.0,0.0,1,300.0,300.0
206,A206,acceso,,,440.0,0.0,440.0,0,equipo_cliente,0,0.0,0.0,0.0,1,300.0,300.0
207,A207,acceso,,,440.0,0.0,440.0,0,equipo_cliente,0,0.0,0.0,0.0,1,300.0,300.0
208,A208,acceso,,,440.0,0.0,440.0,0,equipo_cliente,0,0.0,0.0,0.0,1,300.0,300.0
209,A209,acceso,,,440.0,0.0,440.0,0,equipo_cliente,0,0.0,0.0,0.0,1,300.0,300.0
210,A210,acceso,,,440.0,0.0,440.0,0,equipo_cliente,0,0.0,0.0,0.0,1,300.0,300.0
211,A211,acceso,,,440.0,0.0,440.0,0,equipo_cliente,0,0.0,0.0,0.0,1,300.0,300.0
212,A212,acceso,,,440.0,0.0,440.0,0,equipo_cliente,0,0.0,0.0,0.0,1,300.0,300.0
213,A213,acceso,,,440.0,0.0,440.0,0,equipo_cliente,0,0.0,0.0,0.0,1,300.0,300.0
214,A214,acceso,,,440.0,0.0,440.0,0,equipo_cliente,0,0.0,0.0,0.0,1,300.0,300.0
215,A215,acceso,,,440.0,0.0,440.0,0,equipo_cliente,0,0.0,0.0,0.0,1,300.0,300.0
216,A216,acceso,,,440.0,0.0,440.0,0,equipo_cliente,0,0.0,0.0,0.0,1,300.0,300.0
217,A217,acceso,,,440.0,0.0,440.0,0,equipo_cliente,0,0.0,0.0,0.0,1,300.0,300.0
218,A218,acceso,,,440.0,0.0,440.0,0,equipo_cliente,0,0.0,0.0,0.0,1,300.0,300.0
219,A219,acceso,,,440.0,0.0,440.0,0,equipo_cliente,0,0.0,0.0,0.0,1,300.0,300.0
220,A220,acceso,,,440.0,0.0,440.0,0,equipo_cliente,0,0.0,0.0,0.0,1,300.0,300.0
221,A221,acceso,,,440.0,0.0,440.0,0,equipo_cliente,0,0.0,0.0,0.0,1,300.0,300.0
222,A222,acceso,,,440.0,0.0,440.0,0,equipo_cliente,0,0.0,0.0,0.0,1,300.0,300.0
223,A223,acceso,,,440.0,0.0,440.0,0,equipo_cliente,0,0.0,0.0,0.0,1,300.0,300.0
224,A224,acceso,,,440.0,0.0,440.0,0,equipo_cliente,0,0.0,0.0,0.0,1,300.0,300.0
225,A225,acceso,,,440.0,0.0,440.0,0,equipo_cliente,0,0.0,0.0,0.0,1,300.0,300.0
226,A226,acceso,,,440.0,0.0,440.0,0,equipo_cliente,0,0.0,0.0,0.0,1,300.0,300.0
227,A227,acceso,,,440.0,0.0,440.0,0,equipo_cliente,0,0.0,0.0,0.0,1,300.0,300.0
228,A228,acceso,,,440.0,0.0,440.0,0,equipo_cliente,0,0.0,0.0,0.0,1,300.0,300.0
229,A229,acceso,,,440.0,0.0,440.0,0,equipo_cliente,0,0.0,0.0,0.0,1,300.0,300.0
230,A230,acceso,,,440.0,0.0,440.0,0,equipo_cliente,0,0.0,0.0,0.0,1,300.0,300.0
231,A231,acceso,,,440.0,0.0,440.0,0,equipo_cliente,0,0.0,0.0,0.0,1,300.0,300.0
232,A232,acceso,,,440.0,0.0,440.0,0,equipo_cliente,0,0.0,0.0,0.0,1,300.0,300.0
233,A233,acceso,,,440.0,0.0,440.0,0,equipo_cliente,0,0.0,0.0,0.0,1,300.0,300.0
234,A234,acceso,,,440.0,0.0,440.0,0,equipo_cliente,0,0.0,0.0,0.0,1,300.0,300.0
235,A235,acceso,,,440.0,0.0,440.0,0,equipo_cliente,0,0.0,0.0,0.0,1,300.0,300.0
236,A236,acceso,,,440.0,0.0,440.0,0,equipo_cliente,0,0.0,0.0,0.0,1,300.0,300.0
237,A237,acceso,,,440.0,0.0,440.0,0,equipo_cliente,0,0.0,0.0,0.0,1,300.0,300.0
238,A238,acceso,,,440.0,0.0,440.0,0,equipo_cliente,0,0.0,0.0,0.0,1,300.0,300.0
239,A239,acceso,,,440.0,0.0,440.0,0,equipo_cliente,0,0.0,0.0,0.0,1,300.0,300.0
240,A240,acceso,,,440.0,0.0,440.0,0,equipo_cliente,0,0.0,0.0,0.0,1,300.0,300.0
241,A241,acceso,,,440.0,0.0,440.0,0,equipo_cliente,0,0.0,0.0,0.0,1,300.0,300.0
242,A242,acceso,,,440.0,0.0,440.0,0,equipo_cliente,0,0.0,0.0,0.0,1,300.0,300.0
243,A243,acceso,,,440.0,0.0,440.0,0,equipo_cliente,0,0.0,0.0,0.0,1,300.0,300.0
244,A244,acceso,,,440.0,0.0,440.0,0,equipo_cliente,0,0.0,0.0,0.0,1,300.0,300.0
245,A245,acceso,,,440.0,0.0,440.0,0,equipo_cliente,0,0.0,0.0,0.0,1,300.0,300.0
246,A246,acceso,,,440.0,0.0,440.0,0,equipo_cliente,0,0.0,0.0,0.0,1,300.0,300.0
247,A247,acceso,,,440.0,0.0,440.0,0,equipo_cliente,0,0.0,0.0,0.0,1,300.0,300.0
248,A248,acceso,,,440.0,0.0,440.0,0,equipo_cliente,0,0.0,0.0,0.0,1,300.0,300.0
249,A249,acceso,,,440.0,0.0,440.0,0,equipo_cliente,0,0.0,0.0,0.0,1,300.0,300.0
250,A250,acceso,,,440.0,0.0,440.0,0,equipo_cliente,0,0.0,0.0,0.0,1,300.0,300.0
251,A251,acceso,,,440.0,0.0,440.0,0,equipo_cliente,0,0.0,0.0,0.0,1,300.0,300.0
252,A252,acceso,,,440.0,0.0,440.0,0,equipo_cliente,0,0.0,0.0,0.0,1,300.0,300.0
253,A253,acceso,,,440.0,0.0,440.0,0,equipo_cliente,0,0.0,0.0,0.0,1,300.0,300.0
254,A254,acceso,,,440.0,0.0,440.0,0,equipo_cliente,0,0.0,0.0,0.0,1,300.0,300.0
255,A255,acceso,,,440.0,0.0,440.0,0,equipo_cliente,0,0.0,0.0,0.0,1,300.0,300.0
256,A256,acceso,,,440.0,0.0,440.0,0,equipo_cliente,0,0.0,0.0,0.0,1,300.0,300.0
257,A257,acceso,,,440.0,0.0,440.0,0,equipo_cliente,0,0.0,0.0,0.0,1,300.0,300.0
258,A258,acceso,,,440.0,0.0,440.0,0,equipo_cliente,0,0.0,0.0,0.0,1,300.0,300.0
259,A259,acceso,,,440.0,0.0,440.0,0,equipo_cliente,0,0.0,0.0,0.0,1,300.0,300.0
260,A260,acceso,,,440.0,0.0,440.0,0,equipo_cliente,0,0.0,0.0,0.0,1,300.0,300.0
261,A261,acceso,,,440.0,0.0,440.0,0,equipo_cliente,0,0.0,0.0,0.0,1,300.0,300.0
262,A262,acceso,,,440.0,0.0,440.0,0,equipo_cliente,0,0.0,0.0,0.0,1,300.0,300.0
263,A263,acceso,,,440.0,0.0,440.0,0,equipo_cliente,0,0.0,0.0,0.0,1,300.0,300.0
264,A264,acceso,,,440.0,0.0,440.0,0,equipo_cliente,0,0.0,0.0,0.0,1,300.0,300.0
265,A265,acceso,,,440.0,0.0,440.0,0,equipo_cliente,0,0.0,0.0,0.0,1,300.0,300.0
266,A266,acceso,,,440.0,0.0,440.0,0,equipo_cliente,0,0.0,0.0,0.0,1,300.0,300.0
267,A267,acceso,,,440.0,0.0,440.0,0,equipo_cliente,0,0.0,0.0,0.0,1,300.0,300.0
268,A268,acceso,,,440.0,0.0,440.0,0,equipo_cliente,0,0.0,0.0,0.0,1,300.0,300.0
269,A269,acceso,,,440.0,0.0,440.0,0,equipo_cliente,0,0.0,0.0,0.0,1,300.0,300.0
270,A270,acceso,,,440.0,0.0,440.0,0,equipo_cliente,0,0.0,0.0,0.0,1,300.0,300.0
271,A271,acceso,,,440.0,0.0,440.0,0,equipo_cliente,0,0.0,0.0,0.0,1,300.0,300.0
272,A272,acceso,,,440.0,0.0,440.0,0,equipo_cliente,0,0.0,0.0,0.0,1,300.0,300.0
273,A273,acceso,,,440.0,0.0,440.0,0,equipo_cliente,0,0.0,0.0,0.0,1,300.0,300.0
274,A274,acceso,,,440.0,0.0,440.0,0,equipo_cliente,0,0.0,0.0,0.0,1,300.0,300.0
275,A275,acceso,,,440.0,0.0,440.0,0,equipo_cliente,0,0.0,0.0,0.0,1,300.0,300.0
276,A276,acceso,,,440.0,0.0,440.0,0,equipo_cliente,0,0.0,0.0,0.0,1,300.0,300.0
277,A277,acceso,,,440.0,0.0,440.0,0,equipo_cliente,0,0.0,0.0,0.0,1,300.0,300.0
278,A278,acceso,,,440.0,0.0,440.0,0,equipo_cliente,0,0.0,0.0,0.0,1,300.0,300.0
279,A279,acceso,,,440.0,0.0,440.0,0,equipo_cliente,0,0.0,0.0,0.0,1,300.0,300.0
280,A280,acceso,,,440.0,0.0,440.0,0,equipo_cliente,0,0.0,0.0,0.0,1,300.0,300.0
281,A281,acceso,,,440.0,0.0,440.0,0,equipo_cliente,0,0.0,0.0,0.0,1,300.0,300.0
282,A282,acceso,,,440.0,0.0,440.0,0,equipo_cliente,0,0.0,0.0,0.0,1,300.0,300.0
283,A283,acceso,,,440.0,0.0,440.0,0,equipo_cliente,0,0.0,0.0,0.0,1,300.0,300.0
284,A284,acceso,,,440.0,0.0,440.0,0,equipo_cliente,0,0.0,0.0,0.0,1,300.0,300.0
285,A285,acceso,,,440.0,0.0,440.0,0,equipo_cliente,0,0.0,0.0,0.0,1,300.0,300.0
286,A286,acceso,,,440.0,0.0,440.0,0,equipo_cliente,0,0.0,0.0,0.0,1,300.0,300.0
287,A287,acceso,,,440.0,0.0,440.0,0,equipo_cliente,0,0.0,0.0,0.0,1,300.0,300.0
288,A288,acceso,,,440.0,0.0,440.0,0,equipo_cliente,0,0.0,0.0,0.0,1,300.0,300.0
289,A289,acceso,,,440.0,0.0,440.0,0,equipo_cliente,0,0.0,0.0,0.0,1,300.0,300.0
290,A290,acceso,,,440.0,0.0,440.0,0,equipo_cliente,0,0.0,0.0,0.0,1,300.0,300.0
291,A291,acceso,,,440.0,0.0,440.0,0,equipo_cliente,0,0.0,0.0,0.0,1,300.0,300.0
292,A292,acceso,,,440.0,0.0,440.0,0,equipo_cliente,0,0.0,0.0,0.0,1,300.0,300.0
293,A293,acceso,,,440.0,0.0,440.0,0,equipo_cliente,0,0.0,0.0,0.0,1,300.0,300.0
294,A294,acceso,,,440.0,0.0,440.0,0,equipo_cliente,0,0.0,0.0,0.0,1,300.0,300.0
295,A295,acceso,,,440.0,0.0,440.0,0,equipo_cliente,0,0.0,0.0,0.0,1,300.0,300.0
296,A296,acceso,,,440.0,0.0,440.0,0,equipo_cliente,0,0.0,0.0,0.0,1,300.0,300.0
297,A297,acceso,,,440.0,0.0,440.0,0,equipo_cliente,0,0.0,0.0,0.0,1,300.0,300.0
298,A298,acceso,,,440.0,0.0,440.0,0,equipo_cliente,0,0.0,0.0,0.0,1,300.0,300.0
299,A299,acceso,,,440.0,0.0,440.0,0,equipo_cliente,0,0.0,0.0,0.0,1,300.0,300.0
300,A300,acceso,,,880.0,204.0,1084.0,6,equipo_cliente,0,0.0,0.0,0.0,2,600.0,600.0
301,A301,acceso,,,880.0,272.0,1152.0,8,equipo_cliente,0,0.0,0.0,0.0,2,600.0,600.0
302,A302,acceso,,,880.0,374.0,1254.0,11,equipo_cliente,0,0.0,0.0,0.0,2,600.0,600.0
303,A303,acceso,,,880.0,340.0,1220.0,10,equipo_cliente,0,0.0,0.0,0.0,2,600.0,600.0
304,A304,acceso,,,880.0,1088.0,1968.0,32,equipo_cliente,0,0.0,0.0,0.0,2,600.0,600.0
305,A305,acceso,,,880.0,646.0,1526.0,19,equipo_cliente,0,0.0,0.0,0.0,2,600.0,600.0
306,A306,acceso,,,880.0,1428.0,2308.0,28,equipo_cliente,0,0.0,0.0,0.0,2,600.0,600.0
307,A307,acceso,,,880.0,952.0,1832.0,14,equipo_cliente,0,0.0,0.0,0.0,2,600.0,600.0
308,A308,acceso,,,880.0,1428.0,2308.0,21,equipo_cliente,0,0.0,0.0,0.0,2,600.0,600.0
309,A309,acceso,,,880.0,1360.0,2240.0,20,equipo_cliente,0,0.0,0.0,0.0,2,600.0,600.0
310,A310,acceso,,,880.0,1428.0,2308.0,21,equipo_cliente,0,0.0,0.0,0.0,2,600.0,600.0
311,A311,acceso,,,880.0,6772.0,7652.0,23,equipo_cliente,0,0.0,0.0,0.0,2,600.0,600.0
312,A312,acceso,,,880.0,7040.0,7920.0,16,equipo_cliente,0,0.0,0.0,0.0,2,600.0,600.0
313,A313,acceso,,,880.0,4840.0,5720.0,11,equipo_cliente,0,0.0,0.0,0.0,2,600.0,600.0
314,A314,acceso,,,880.0,6160.0,7040.0,14,equipo_cliente,0,0.0,0.0,0.0,2,600.0,600.0
315,A315,acceso,,,880.0,7040.0,7920.0,16,equipo_cliente,0,0.0,0.0,0.0,2,600.0,600.0
316,A316,acceso,,,880.0,3080.0,3960.0,7,equipo_cliente,0,0.0,0.0,0.0,2,600.0,600.0
317,A317,acceso,,,880.0,7480.0,8360.0,17,equipo_cliente,0,0.0,0.0,0.0,2,600.0,600.0
318,A318,acceso,,,880.0,2200.0,3080.0,5,equipo_cliente,0,0.0,0.0,0.0,2,600.0,600.0
319,A319,acceso,,,880.0,0.0,880.0,0,equipo_cliente,0,0.0,0.0,0.0,2,600.0,600.0
320,A320,acceso,,,880.0,0.0,880.0,0,equipo_cliente,0,0.0,0.0,0.0,2,600.0,600.0
321,A321,acceso,,,880.0,0.0,880.0,0,equipo_cliente,0,0.0,0.0,0.0,2,600.0,600.0
322,A322,acceso,,,880.0,0.0,880.0,0,equipo_cliente,0,0.0,0.0,0.0,2,600.0,600.0
323,A323,acceso,,,880.0,0.0,880.0,0,equipo_cliente,0,0.0,0.0,0.0,2,600.0,600.0
324,A324,acceso,,,880.0,0.0,880.0,0,equipo_cliente,0,0.0,0.0,0.0,2,600.0,600.0
325,A325,acceso,,,880.0,0.0,880.0,0,equipo_cliente,0,0.0,0.0,0.0,2,600.0,600.0
326,A326,acceso,,,880.0,0.0,880.0,0,equipo_cliente,0,0.0,0.0,0.0,2,600.0,600.0
327,A327,acceso,,,880.0,0.0,880.0,0,equipo_cliente,0,0.0,0.0,0.0,2,600.0,600.0
328,A328,acceso,,,880.0,0.0,880.0,0,equipo_cliente,0,0.0,0.0,0.0,2,600.0,600.0
329,A329,acceso,,,880.0,0.0,880.0,0,equipo_cliente,0,0.0,0.0,0.0,2,600.0,600.0
330,A330,acceso,,,880.0,0.0,880.0,0,equipo_cliente,0,0.0,0.0,0.0,2,600.0,600.0
331,A331,acceso,,,880.0,0.0,880.0,0,equipo_cliente,0,0.0,0.0,0.0,2,600.0,600.0
332,A332,acceso,,,880.0,0.0,880.0,0,equipo_cliente,0,0.0,0.0,0.0,2,600.0,600.0
333,A333,acceso,,,880.0,0.0,880.0,0,equipo_cliente,0,0.0,0.0,0.0,2,600.0,600.0
334,A334,acceso,,,880.0,0.0,880.0,0,equipo_cliente,0,0.0,0.0,0.0,2,600.0,600.0
335,A335,acceso,,,880.0,0.0,880.0,0,equipo_cliente,0,0.0,0.0,0.0,2,600.0,600.0
336,A336,acceso,,,880.0,0.0,880.0,0,equipo_cliente,0,0.0,0.0,0.0,2,600.0,600.0
337,A337,acceso,,,880.0,0.0,880.0,0,equipo_cliente,0,0.0,0.0,0.0,2,600.0,600.0
338,A338,acceso,,,880.0,0.0,880.0,0,equipo_cliente,0,0.0,0.0,0.0,2,600.0,600.0
339,A339,acceso,,,880.0,0.0,880.0,0,equipo_cliente,0,0.0,0.0,0.0,2,600.0,600.0
340,A340,acceso,,,880.0,0.0,880.0,0,equipo_cliente,0,0.0,0.0,0.0,2,600.0,600.0
341,A341,acceso,,,880.0,0.0,880.0,0,equipo_cliente,0,0.0,0.0,0.0,2,600.0,600.0
342,A342,acceso,,,880.0,0.0,880.0,0,equipo_cliente,0,0.0,0.0,0.0,2,600.0,600.0
343,A343,acceso,,,880.0,0.0,880.0,0,equipo_cliente,0,0.0,0.0,0.0,2,600.0,600.0
344,A344,acceso,,,880.0,0.0,880.0,0,equipo_cliente,0,0.0,0.0,0.0,2,600.0,600.0
345,A345,acceso,,,880.0,0.0,880.0,0,equipo_cliente,0,0.0,0.0,0.0,2,600.0,600.0
346,A346,acceso,,,880.0,0.0,880.0,0,equipo_cliente,0,0.0,0.0,0.0,2,600.0,600.0
347,A347,acceso,,,880.0,0.0,880.0,0,equipo_cliente,0,0.0,0.0,0.0,2,600.0,600.0
348,A348,acceso,,,880.0,0.0,880.0,0,equipo_cliente,0,0.0,0.0,0.0,2,600.0,600.0
349,A349,acceso,,,880.0,0.0,880.0,0,equipo_cliente,0,0.0,0.0,0.0,2,600.0,600.0
350,A350,acceso,,,880.0,0.0,880.0,0,equipo_cliente,0,0.0,0.0,0.0,2,600.0,600.0
351,A351,acceso,,,880.0,0.0,880.0,0,equipo_cliente,0,0.0,0.0,0.0,2,600.0,600.0
352,A352,acceso,,,880.0,0.0,880.0,0,equipo_cliente,0,0.0,0.0,0.0,2,600.0,600.0
353,A353,acceso,,,880.0,0.0,880.0,0,equipo_cliente,0,0.0,0.0,0.0,2,600.0,600.0
354,A354,acceso,,,880.0,0.0,880.0,0,equipo_cliente,0,0.0,0.0,0.0,2,600.0,600.0
355,A355,acceso,,,880.0,0.0,880.0,0,equipo_cliente,0,0.0,0.0,0.0,2,600.0,600.0
356,A356,acceso,,,880.0,0.0,880.0,0,equipo_cliente,0,0.0,0.0,0.0,2,600.0,600.0
357,A357,acceso,,,880.0,0.0,880.0,0,equipo_cliente,0,0.0,0.0,0.0,2,600.0,600.0
358,A358,acceso,,,880.0,0.0,880.0,0,equipo_cliente,0,0.0,0.0,0.0,2,600.0,600.0
359,A359,acceso,,,880.0,0.0,880.0,0,equipo_cliente,0,0.0,0.0,0.0,2,600.0,600.0
360,A360,acceso,,,880.0,0.0,880.0,0,equipo_cliente,0,0.0,0.0,0.0,2,600.0,600.0
361,A361,acceso,,,880.0,0.0,880.0,0,equipo_cliente,0,0.0,0.0,0.0,2,600.0,600.0
362,A362,acceso,,,880.0,0.0,880.0,0,equipo_cliente,0,0.0,0.0,0.0,2,600.0,600.0
363,A363,acceso,,,880.0,0.0,880.0,0,equipo_cliente,0,0.0,0.0,0.0,2,600.0,600.0
364,A364,acceso,,,880.0,0.0,880.0,0,equipo_cliente,0,0.0,0.0,0.0,2,600.0,600.0
365,A365,acceso,,,880.0,0.0,880.0,0,equipo_cliente,0,0.0,0.0,0.0,2,600.0,600.0
366,A366,acceso,,,880.0,0.0,880.0,0,equipo_cliente,0,0.0,0.0,0.0,2,600.0,600.0
367,A367,acceso,,,880.0,0.0,880.0,0,equipo_cliente,0,0.0,0.0,0.0,2,600.0,600.0
368,A368,acceso,,,880.0,0.0,880.0,0,equipo_cliente,0,0.0,0.0,0.0,2,600.0,600.0
369,A369,acceso,,,880.0,0.0,880.0,0,equipo_cliente,0,0.0,0.0,0.0,2,600.0,600.0
370,A370,acceso,,,880.0,0.0,880.0,0,equipo_cliente,0,0.0,0.0,0.0,2,600.0,600.0
371,A371,acceso,,,880.0,0.0,880.0,0,equipo_cliente,0,0.0,0.0,0.0,2,600.0,600.0
372,A372,acceso,,,880.0,0.0,880.0,0,equipo_cliente,0,0.0,0.0,0.0,2,600.0,600.0
373,A373,acceso,,,880.0,0.0,880.0,0,equipo_cliente,0,0.0,0.0,0.0,2,600.0,600.0
374,A374,acceso,,,880.0,0.0,880.0,0,equipo_cliente,0,0.0,0.0,0.0,2,600.0,600.0
375,A375,acceso,,,880.0,0.0,880.0,0,equipo_cliente,0,0.0,0.0,0.0,2,600.0,600.0
376,A376,acceso,,,880.0,0.0,880.0,0,equipo_cliente,0,0.0,0.0,0.0,2,600.0,600.0
377,A377,acceso,,,880.0,0.0,880.0,0,equipo_cliente,0,0.0,0.0,0.0,2,600.0,600.0
378,A378,acceso,,,880.0,0.0,880.0,0,equipo_cliente,0,0.0,0.0,0.0,2,600.0,600.0
379,A379,acceso,,,880.0,0.0,880.0,0,equipo_cliente,0,0.0,0.0,0.0,2,600.0,600.0
380,A380,acceso,,,880.0,0.0,880.0,0,equipo_cliente,0,0.0,0.0,0.0,2,600.0,600.0
381,A381,acceso,,,880.0,0.0,880.0,0,equipo_cliente,0,0.0,0.0,0.0,2,600.0,600.0
382,A382,acceso,,,880.0,0.0,880.0,0,equipo_cliente,0,0.0,0.0,0.0,2,600.0,600.0
383,A383,acceso,,,880.0,0.0,880.0,0,equipo_cliente,0,0.0,0.0,0.0,2,600.0,600.0
384,A384,acceso,,,880.0,0.0,880.0,0,equipo_cliente,0,0.0,0.0,0.0,2,600.0,600.0
385,A385,acceso,,,880.0,0.0,880.0,0,equipo_cliente,0,0.0,0.0,0.0,2,600.0,600.0
386,A386,acceso,,,880.0,0.0,880.0,0,equipo_cliente,0,0.0,0.0,0.0,2,600.0,600.0
387,A387,acceso,,,880.0,0.0,880.0,0,equipo_cliente,0,0.0,0.0,0.0,2,600.0,600.0
388,A388,acceso,,,880.0,0.0,880.0,0,equipo_cliente,0,0.0,0.0,0.0,2,600.0,600.0
389,A389,acceso,,,880.0,0.0,880.0,0,equipo_cliente,0,0.0,0.0,0.0,2,600.0,600.0
390,A390,acceso,,,880.0,0.0,880.0,0,equipo_cliente,0,0.0,0.0,0.0,2,600.0,600.0
391,A391,acceso,,,880.0,0.0,880.0,0,equipo_cliente,0,0.0,0.0,0.0,2,600.0,600.0
392,A392,acceso,,,880.0,0.0,880.0,0,equipo_cliente,0,0.0,0.0,0.0,2,600.0,600.0
393,A393,acceso,,,880.0,0.0,880.0,0,equipo_cliente,0,0.0,0.0,0.0,2,600.0,600.0
394,A394,acceso,,,880.0,0.0,880.0,0,equipo_cliente,0,0.0,0.0,0.0,2,600.0,600.0
395,A395,acceso,,,880.0,0.0,880.0,0,equipo_cliente,0,0.0,0.0,0.0,2,600.0,600.0
396,A396,acceso,,,880.0,0.0,880.0,0,equipo_cliente,0,0.0,0.0,0.0,2,600.0,600.0
397,A397,acceso,,,880.0,0.0,880.0,0,equipo_cliente,0,0.0,0.0,0.0,2,600.0,600.0
398,A398,acceso,,,880.0,0.0,880.0,0,equipo_cliente,0,0.0,0.0,0.0,2,600.0,600.0
399,A399,acceso,,,880.0,0.0,880.0,0,equipo_cliente,0,0.0,0.0,0.0,2,600.0,600.0
400,A400,acceso,,,880.0,0.0,880.0,0,equipo_cliente,0,0.0,0.0,0.0,2,600.0,600.0
401,A401,acceso,,,880.0,0.0,880.0,0,equipo_cliente,0,0.0,0.0,0.0,2,600.0,600.0
402,A402,acceso,,,880.0,0.0,880.0,0,equipo_cliente,0,0.0,0.0,0.0,2,600.0,600.0
403,A403,acceso,,,880.0,0.0,880.0,0,equipo_cliente,0,0.0,0.0,0.0,2,600.0,600.0
404,A404,acceso,,,880.0,0.0,880.0,0,equipo_cliente,0,0.0,0.0,0.0,2,600.0,600.0
405,A405,acceso,,,880.0,0.0,880.0,0,equipo_cliente,0,0.0,0.0,0.0,2,600.0,600.0
406,A406,acceso,,,880.0,0.0,880.0,0,equipo_cliente,0,0.0,0.0,0.0,2,600.0,600.0
407,A407,acceso,,,880.0,0.0,880.0,0,equipo_cliente,0,0.0,0.0,0.0,2,600.0,600.0
408,A408,acceso,,,880.0,0.0,880.0,0,equipo_cliente,0,0.0,0.0,0.0,2,600.0,600.0
409,A409,acceso,,,880.0,0.0,880.0,0,equipo_cliente,0,0.0,0.0,0.0,2,600.0,600.0
410,A410,acceso,,,880.0,0.0,880.0,0,equipo_cliente,0,0.0,0.0,0.0,2,600.0,600.0
411,A411,acceso,,,880.0,0.0,880.0,0,equipo_cliente,0,0.0,0.0,0.0,2,600.0,600.0
412,A412,acceso,,,880.0,0.0,880.0,0,equipo_cliente,0,0.0,0.0,0.0,2,600.0,600.0
413,A413,acceso,,,880.0,0.0,880.0,0,equipo_cliente,0,0.0,0.0,0.0,2,600.0,600.0
414,A414,acceso,,,880.0,0.0,880.0,0,equipo_cliente,0,0.0,0.0,0.0,2,600.0,600.0
415,A415,acceso,,,880.0,0.0,880.0,0,equipo_cliente,0,0.0,0.0,0.0,2,600.0,600.0
416,A416,acceso,,,880.0,0.0,880.0,0,equipo_cliente,0,0.0,0.0,0.0,2,600.0,600.0
417,A417,acceso,,,880.0,0.0,880.0,0,equipo_cliente,0,0.0,0.0,0.0,2,600.0,600.0
418,A418,acceso,,,880.0,0.0,880.0,0,equipo_cliente,0,0.0,0.0,0.0,2,600.0,600.0
419,A419,acceso,,,880.0,0.0,880.0,0,equipo_cliente,0,0.0,0.0,0.0,2,600.0,600.0
420,A420,acceso,,,880.0,0.0,880.0,0,equipo_cliente,0,0.0,0.0,0.0,2,600.0,600.0
421,A421,acceso,,,880.0,0.0,880.0,0,equipo_cliente,0,0.0,0.0,0.0,2,600.0,600.0
422,A422,acceso,,,880.0,0.0,880.0,0,equipo_cliente,0,0.0,0.0,0.0,2,600.0,600.0
423,A423,acceso,,,880.0,0.0,880.0,0,equipo_cliente,0,0.0,0.0,0.0,2,600.0,600.0
424,A424,acceso,,,880.0,0.0,880.0,0,equipo_cliente,0,0.0,0.0,0.0,2,600.0,600.0
425,A425,acceso,,,880.0,0.0,880.0,0,equipo_cliente,0,0.0,0.0,0.0,2,600.0,600.0
426,A426,acceso,,,880.0,0.0,880.0,0,equipo_cliente,0,0.0,0.0,0.0,2,600.0,600.0
427,A427,acceso,,,880.0,0.0,880.0,0,equipo_cliente,0,0.0,0.0,0.0,2,600.0,600.0
428,A428,acceso,,,880.0,0.0,880.0,0,equipo_cliente,0,0.0,0.0,0.0,2,600.0,600.0
429,A429,acceso,,,880.0,0.0,880.0,0,equipo_cliente,0,0.0,0.0,0.0,2,600.0,600.0
430,A430,acceso,,,880.0,0.0,880.0,0,equipo_cliente,0,0.0,0.0,0.0,2,600.0,600.0
431,A431,acceso,,,880.0,0.0,880.0,0,equipo_cliente,0,0.0,0.0,0.0,2,600.0,600.0
432,A432,acceso,,,880.0,0.0,880.0,0,equipo_cliente,0,0.0,0.0,0.0,2,600.0,600.0
433,A433,acceso,,,880.0,0.0,880.0,0,equipo_cliente,0,0.0,0.0,0.0,2,600.0,600.0
434,A434,acceso,,,880.0,0.0,880.0,0,equipo_cliente,0,0.0,0.0,0.0,2,600.0,600.0
435,A435,acceso,,,880.0,0.0,880.0,0,equipo_cliente,0,0.0,0.0,0.0,2,600.0,600.0
436,A436,acceso,,,880.0,0.0,880.0,0,equipo_cliente,0,0.0,0.0,0.0,2,600.0,600.0
437,A437,acceso,,,880.0,0.0,880.0,0,equipo_cliente,0,0.0,0.0,0.0,2,600.0,600.0
438,A438,acceso,,,880.0,0.0,880.0,0,equipo_cliente,0,0.0,0.0,0.0,2,600.0,600.0
439,A439,acceso,,,880.0,0.0,880.0,0,equipo_cliente,0,0.0,0.0,0.0,2,600.0,600.0
440,A440,acceso,,,880.0,0.0,880.0,0,equipo_cliente,0,0.0,0.0,0.0,2,600.0,600.0
441,A441,acceso,,,880.0,0.0,880.0,0,equipo_cliente,0,0.0,0.0,0.0,2,600.0,600.0
442,A442,acceso,,,880.0,0.0,880.0,0,equipo_cliente,0,0.0,0.0,0.0,2,600.0,600.0
443,A443,acceso,,,880.0,0.0,880.0,0,equipo_cliente,0,0.0,0.0,0.0,2,600.0,600.0
444,A444,acceso,,,880.0,0.0,880.0,0,equipo_cliente,0,0.0,0.0,0.0,2,600.0,600.0
445,A445,acceso,,,880.0,0.0,880.0,0,equipo_cliente,0,0.0,0.0,0.0,2,600.0,600.0
446,A446,acceso,,,880.0,0.0,880.0,0,equipo_cliente,0,0.0,0.0,0.0,2,600.0,600.0
447,A447,acceso,,,880.0,0.0,880.0,0,equipo_cliente,0,0.0,0.0,0.0,2,600.0,600.0
448,A448,acceso,,,880.0,0.0,880.0,0,equipo_cliente,0,0.0,0.0,0.0,2,600.0,600.0
449,A449,acceso,,,880.0,0.0,880.0,0,equipo_cliente,0,0.0,0.0,0.0,2,600.0,600.0
450,A450,acceso,,,880.0,0.0,880.0,0,equipo_cliente,0,0.0,0.0,0.0,2,600.0,600.0
451,A451,acceso,,,880.0,0.0,880.0,0,equipo_cliente,0,0.0,0.0,0.0,2,600.0,600.0
452,A452,acceso,,,880.0,0.0,880.0,0,equipo_cliente,0,0.0,0.0,0.0,2,600.0,600.0
453,A453,acceso,,,880.0,0.0,880.0,0,equipo_cliente,0,0.0,0.0,0.0,2,600.0,600.0
454,A454,acceso,,,880.0,0.0,880.0,0,equipo_cliente,0,0.0,0.0,0.0,2,600.0,600.0
455,A455,acceso,,,880.0,0.0,880.0,0,equipo_cliente,0,0.0,0.0,0.0,2,600.0,600.0
456,A456,acceso,,,880.0,0.0,880.0,0,equipo_cliente,0,0.0,0.0,0.0,2,600.0,600.0
457,A457,acceso,,,880.0,0.0,880.0,0,equipo_cliente,0,0.0,0.0,0.0,2,600.0,600.0
458,A458,acceso,,,880.0,0.0,880.0,0,equipo_cliente,0,0.0,0.0,0.0,2,600.0,600.0
459,A459,acceso,,,880.0,0.0,880.0,0,equipo_cliente,0,0.0,0.0,0.0,2,600.0,600.0
460,A460,acceso,,,880.0,0.0,880.0,0,equipo_cliente,0,0.0,0.0,0.0,2,600.0,600.0
461,A461,acceso,,,880.0,0.0,880.0,0,equipo_cliente,0,0.0,0.0,0.0,2,600.0,600.0
462,A462,acceso,,,880.0,0.0,880.0,0,equipo_cliente,0,0.0,0.0,0.0,2,600.0,600.0
463,A463,acceso,,,880.0,0.0,880.0,0,equipo_cliente,0,0.0,0.0,0.0,2,600.0,600.0
464,A464,acceso,,,880.0,0.0,880.0,0,equipo_cliente,0,0.0,0.0,0.0,2,600.0,600.0
465,A465,acceso,,,880.0,0.0,880.0,0,equipo_cliente,0,0.0,0.0,0.0,2,600.0,600.0
466,A466,acceso,,,880.0,0.0,880.0,0,equipo_cliente,0,0.0,0.0,0.0,2,600.0,600.0
467,A467,acceso,,,880.0,0.0,880.0,0,equipo_cliente,0,0.0,0.0,0.0,2,600.0,600.0
468,A468,acceso,,,880.0,0.0,880.0,0,equipo_cliente,0,0.0,0.0,0.0,2,600.0,600.0
469,A469,acceso,,,880.0,0.0,880.0,0,equipo_cliente,0,0.0,0.0,0.0,2,600.0,600.0
470,A470,acceso,,,880.0,0.0,880.0,0,equipo_cliente,0,0.0,0.0,0.0,2,600.0,600.0
471,A471,acceso,,,880.0,0.0,880.0,0,equipo_cliente,0,0.0,0.0,0.0,2,600.0,600.0
472,A472,acceso,,,880.0,0.0,880.0,0,equipo_cliente,0,0.0,0.0,0.0,2,600.0,600.0
473,A473,acceso,,,880.0,0.0,880.0,0,equipo_cliente,0,0.0,0.0,0.0,2,600.0,600.0
474,A474,acceso,,,880.0,0.0,880.0,0,equipo_cliente,0,0.0,0.0,0.0,2,600.0,600.0
475,A475,acceso,,,880.0,0.0,880.0,0,equipo_cliente,0,0.0,0.0,0.0,2,600.0,600.0
476,A476,acceso,,,880.0,0.0,880.0,0,equipo_cliente,0,0.0,0.0,0.0,2,600.0,600.0
477,A477,acceso,,,880.0,0.0,880.0,0,equipo_cliente,0,0.0,0.0,0.0,2,600.0,600.0
478,A478,acceso,,,880.0,0.0,880.0,0,equipo_cliente,0,0.0,0.0,0.0,2,600.0,600.0
479,A479,acceso,,,880.0,0.0,880.0,0,equipo_cliente,0,0.0,0.0,0.0,2,600.0,600.0
480,A480,acceso,,,880.0,0.0,880.0,0,equipo_cliente,0,0.0,0.0,0.0,2,600.0,600.0
481,A481,acceso,,,880.0,0.0,880.0,0,equipo_cliente,0,0.0,0.0,0.0,2,600.0,600.0
482,A482,acceso,,,880.0,0.0,880.0,0,equipo_cliente,0,0.0,0.0,0.0,2,600.0,600.0
483,A483,acceso,,,880.0,0.0,880.0,0,equipo_cliente,0,0.0,0.0,0.0,2,600.0,600.0
484,A484,acceso,,,880.0,0.0,880.0,0,equipo_cliente,0,0.0,0.0,0.0,2,600.0,600.0
485,A485,acceso,,,880.0,0.0,880.0,0,equipo_cliente,0,0.0,0.0,0.0,2,600.0,600.0
486,A486,acceso,,,880.0,0.0,880.0,0,equipo_cliente,0,0.0,0.0,0.0,2,600.0,600.0
487,A487,acceso,,,880.0,0.0,880.0,0,equipo_cliente,0,0.0,0.0,0.0,2,600.0,600.0
488,A488,acceso,,,880.0,0.0,880.0,0,equipo_cliente,0,0.0,0.0,0.0,2,600.0,600.0
489,A489,acceso,,,880.0,0.0,880.0,0,equipo_cliente,0,0.0,0.0,0.0,2,600.0,600.0
490,A490,acceso,,,880.0,0.0,880.0,0,equipo_cliente,0,0.0,0.0,0.0,2,600.0,600.0
491,A491,acceso,,,880.0,0.0,880.0,0,equipo_cliente,0,0.0,0.0,0.0,2,600.0,600.0
492,A492,acceso,,,880.0,0.0,880.0,0,equipo_cliente,0,0.0,0.0,0.0,2,600.0,600.0
493,A493,acceso,,,880.0,0.0,880.0,0,equipo_cliente,0,0.0,0.0,0.0,2,600.0,600.0
494,A494,acceso,,,880.0,0.0,880.0,0,equipo_cliente,0,0.0,0.0,0.0,2,600.0,600.0
495,A495,acceso,,,880.0,0.0,880.0,0,equipo_cliente,0,0.0,0.0,0.0,2,600.0,600.0
496,A496,acceso,,,880.0,0.0,880.0,0,equipo_cliente,0,0.0,0.0,0.0,2,600.0,600.0
497,A497,acceso,,,880.0,0.0,880.0,0,equipo_cliente,0,0.0,0.0,0.0,2,600.0,600.0
498,A498,acceso,,,880.0,0.0,880.0,0,equipo_cliente,0,0.0,0.0,0.0,2,600.0,600.0
499,A499,acceso,,,880.0,0.0,880.0,0,equipo_cliente,0,0.0,0.0,0.0,2,600.0,600.0
500,A500,acceso,,,880.0,0.0,880.0,0,equipo_cliente,0,0.0,0.0,0.0,2,600.0,600.0
501,A501,acceso,,,2440.0,0.0,2440.0,0,equipo_cliente,0,0.0,0.0,0.0,4,1200.0,1200.0
502,A502,acceso,,,2440.0,0.0,2440.0,0,equipo_cliente,0,0.0,0.0,0.0,4,1200.0,1200.0
503,A503,acceso,,,2440.0,0.0,2440.0,0,equipo_cliente,0,0.0,0.0,0.0,4,1200.0,1200.0
504,A504,acceso,,,2440.0,0.0,2440.0,0,equipo_cliente,0,0.0,0.0,0.0,4,1200.0,1200.0
505,A505,acceso,,,2440.0,0.0,2440.0,0,equipo_cliente,0,0.0,0.0,0.0,4,1200.0,1200.0
506,A506,acceso,,,2440.0,0.0,2440.0,0,equipo_cliente,0,0.0,0.0,0.0,4,1200.0,1200.0
507,A507,acceso,,,2440.0,0.0,2440.0,0,equipo_cliente,0,0.0,0.0,0.0,4,1200.0,1200.0
508,A508,acceso,,,2440.0,0.0,2440.0,0,equipo_cliente,0,0.0,0.0,0.0,4,1200.0,1200.0
509,A509,acceso,,,2440.0,0.0,2440.0,0,equipo_cliente,0,0.0,0.0,0.0,4,1200.0,1200.0
510,A510,acceso,,,2440.0,0.0,2440.0,0,equipo_cliente,0,0.0,0.0,0.0,4,1200.0,1200.0
511,A511,acceso,,,2440.0,0.0,2440.0,0,equipo_cliente,0,0.0,0.0,0.0,4,1200.0,1200.0
512,A512,acceso,,,2440.0,0.0,2440.0,0,equipo_cliente,0,0.0,0.0,0.0,4,1200.0,1200.0
513,A513,acceso,,,2440.0,0.0,2440.0,0,equipo_cliente,0,0.0,0.0,0.0,4,1200.0,1200.0
514,A514,acceso,,,2440.0,0.0,2440.0,0,equipo_cliente,0,0.0,0.0,0.0,4,1200.0,1200.0
515,A515,acceso,,,2440.0,0.0,2440.0,0,equipo_cliente,0,0.0,0.0,0.0,4,1200.0,1200.0
516,A516,acceso,,,2440.0,0.0,2440.0,0,equipo_cliente,0,0.0,0.0,0.0,4,1200.0,1200.0
517,A517,acceso,,,2440.0,0.0,2440.0,0,equipo_cliente,0,0.0,0.0,0.0,4,1200.0,1200.0
518,A518,acceso,,,2440.0,0.0,2440.0,0,equipo_cliente,0,0.0,0.0,0.0,4,1200.0,1200.0
519,A519,acceso,,,2440.0,0.0,2440.0,0,equipo_cliente,0,0.0,0.0,0.0,4,1200.0,1200.0
520,A520,acceso,,,2440.0,0.0,2440.0,0,equipo_cliente,0,0.0,0.0,0.0,4,1200.0,1200.0
521,A521,acceso,,,2440.0,0.0,2440.0,0,equipo_cliente,0,0.0,0.0,0.0,4,1200.0,1200.0
522,A522,acceso,,,2440.0,0.0,2440.0,0,equipo_cliente,0,0.0,0.0,0.0,4,1200.0,1200.0
523,A523,acceso,,,2440.0,0.0,2440.0,0,equipo_cliente,0,0.0,0.0,0.0,4,1200.0,1200.0
524,A524,acceso,,,2440.0,0.0,2440.0,0,equipo_cliente,0,0.0,0.0,0.0,4,1200.0,1200.0
525,A525,acceso,,,2440.0,0.0,2440.0,0,equipo_cliente,0,0.0,0.0,0.0,4,1200.0,1200.0
526,A526,acceso,,,2440.0,0.0,2440.0,0,equipo_cliente,0,0.0,0.0,0.0,4,1200.0,1200.0
527,A527,acceso,,,2440.0,0.0,2440.0,0,equipo_cliente,0,0.0,0.0,0.0,4,1200.0,1200.0
528,A528,acceso,,,2440.0,0.0,2440.0,0,equipo_cliente,0,0.0,0.0,0.0,4,1200.0,1200.0
529,A529,acceso,,,2440.0,0.0,2440.0,0,equipo_cliente,0,0.0,0.0,0.0,4,1200.0,1200.0
530,A530,acceso,,,2440.0,0.0,2440.0,0,equipo_cliente,0,0.0,0.0,0.0,4,1200.0,1200.0
531,A531,acceso,,,2440.0,0.0,2440.0,0,equipo_cliente,0,0.0,0.0,0.0,4,1200.0,1200.0
532,A532,acceso,,,2440.0,0.0,2440.0,0,equipo_cliente,0,0.0,0.0,0.0,4,1200.0,1200.0
533,A533,acceso,,,2440.0,0.0,2440.0,0,equipo_cliente,0,0.0,0.0,0.0,4,1200.0,1200.0
534,A534,acceso,,,2440.0,0.0,2440.0,0,equipo_cliente,0,0.0,0.0,0.0,4,1200.0,1200.0
535,A535,acceso,,,2440.0,0.0,2440.0,0,equipo_cliente,0,0.0,0.0,0.0,4,1200.0,1200.0
536,A536,acceso,,,2440.0,0.0,2440.0,0,equipo_cliente,0,0.0,0.0,0.0,4,1200.0,1200.0
537,A537,acceso,,,2440.0,0.0,2440.0,0,equipo_cliente,0,0.0,0.0,0.0,4,1200.0,1200.0
538,A538,acceso,,,2440.0,0.0,2440.0,0,equipo_cliente,0,0.0,0.0,0.0,4,1200.0,1200.0
539,A539,acceso,,,2440.0,0.0,2440.0,0,equipo_cliente,0,0.0,0.0,0.0,4,1200.0,1200.0
540,A540,acceso,,,2440.0,0.0,2440.0,0,equipo_cliente,0,0.0,0.0,0.0,4,1200.0,1200.0
541,A541,acceso,,,2440.0,0.0,2440.0,0,equipo_cliente,0,0.0,0.0,0.0,4,1200.0,1200.0
542,A542,acceso,,,2440.0,0.0,2440.0,0,equipo_cliente,0,0.0,0.0,0.0,4,1200.0,1200.0
543,A543,acceso,,,2440.0,0.0,2440.0,0,equipo_cliente,0,0.0,0.0,0.0,4,1200.0,1200.0
544,A544,acceso,,,2440.0,0.0,2440.0,0,equipo_cliente,0,0.0,0.0,0.0,4,1200.0,1200.0
545,A545,acceso,,,2440.0,0.0,2440.0,0,equipo_cliente,0,0.0,0.0,0.0,4,1200.0,1200.0
546,A546,acceso,,,2440.0,0.0,2440.0,0,equipo_cliente,0,0.0,0.0,0.0,4,1200.0,1200.0
547,A547,acceso,,,2440.0,0.0,2440.0,0,equipo_cliente,0,0.0,0.0,0.0,4,1200.0,1200.0
548,A548,acceso,,,2440.0,0.0,2440.0,0,equipo_cliente,0,0.0,0.0,0.0,4,1200.0,1200.0
549,A549,acceso,,,2440.0,0.0,2440.0,0,equipo_cliente,0,0.0,0.0,0.0,4,1200.0,1200.0
550,A550,acceso,,,2440.0,0.0,2440.0,0,equipo_cliente,0,0.0,0.0,0.0,4,1200.0,1200.0
551,A551,acceso,,,2440.0,0.0,2440.0,0,equipo_cliente,0,0.0,0.0,0.0,4,1200.0,1200.0
552,A552,acceso,,,2440.0,0.0,2440.0,0,equipo_cliente,0,0.0,0.0,0.0,4,1200.0,1200.0
553,A553,acceso,,,2440.0,0.0,2440.0,0,equipo_cliente,0,0.0,0.0,0.0,4,1200.0,1200.0
554,A554,acceso,,,2440.0,0.0,2440.0,0,equipo_cliente,0,0.0,0.0,0.0,4,1200.0,1200.0
555,A555,acceso,,,2440.0,0.0,2440.0,0,equipo_cliente,0,0.0,0.0,0.0,4,1200.0,1200.0
556,A556,acceso,,,2440.0,0.0,2440.0,0,equipo_cliente,0,0.0,0.0,0.0,4,1200.0,1200.0
557,A557,acceso,,,2440.0,0.0,2440.0,0,equipo_cliente,0,0.0,0.0,0.0,4,1200.0,1200.0
558,A558,acceso,,,2440.0,0.0,2440.0,0,equipo_cliente,0,0.0,0.0,0.0,4,1200.0,1200.0
559,A559,acceso,,,2440.0,0.0,2440.0,0,equipo_cliente,0,0.0,0.0,0.0,4,1200.0,1200.0
560,A560,acceso,,,2440.0,0.0,2440.0,0,equipo_cliente,0,0.0,0.0,0.0,4,1200.0,1200.0
561,A561,acceso,,,2440.0,0.0,2440.0,0,equipo_cliente,0,0.0,0.0,0.0,4,1200.0,1200.0
562,A562,acceso,,,2440.0,0.0,2440.0,0,equipo_cliente,0,0.0,0.0,0.0,4,1200.0,1200.0
563,A563,acceso,,,2440.0,0.0,2440.0,0,equipo_cliente,0,0.0,0.0,0.0,4,1200.0,1200.0
564,A564,acceso,,,2440.0,0.0,2440.0,0,equipo_cliente,0,0.0,0.0,0.0,4,1200.0,1200.0
565,A565,acceso,,,2440.0,0.0,2440.0,0,equipo_cliente,0,0.0,0.0,0.0,4,1200.0,1200.0
566,A566,acceso,,,2440.0,0.0,2440.0,0,equipo_cliente,0,0.0,0.0,0.0,4,1200.0,1200.0
567,A567,acceso,,,2440.0,0.0,2440.0,0,equipo_cliente,0,0.0,0.0,0.0,4,1200.0,1200.0
568,A568,acceso,,,2440.0,0.0,2440.0,0,equipo_cliente,0,0.0,0.0,0.0,4,1200.0,1200.0
569,A569,acceso,,,2440.0,0.0,2440.0,0,equipo_cliente,0,0.0,0.0,0.0,4,1200.0,1200.0
570,A570,acceso,,,2440.0,0.0,2440.0,0,equipo_cliente,0,0.0,0.0,0.0,4,1200.0,1200.0
571,A571,acceso,,,2440.0,0.0,2440.0,0,equipo_cliente,0,0.0,0.0,0.0,4,1200.0,1200.0
572,A572,acceso,,,2440.0,0.0,2440.0,0,equipo_cliente,0,0.0,0.0,0.0,4,1200.0,1200.0
573,A573,acceso,,,2440.0,0.0,2440.0,0,equipo_cliente,0,0.0,0.0,0.0,4,1200.0,1200.0
574,A574,acceso,,,2440.0,0.0,2440.0,0,equipo_cliente,0,0.0,0.0,0.0,4,1200.0,1200.0
575,A575,acceso,,,2440.0,0.0,2440.0,0,equipo_cliente,0,0.0,0.0,0.0,4,1200.0,1200.0
576,A576,acceso,,,2440.0,0.0,2440.0,0,equipo_cliente,0,0.0,0.0,0.0,4,1200.0,1200.0
577,A577,acceso,,,2440.0,0.0,2440.0,0,equipo_cliente,0,0.0,0.0,0.0,4,1200.0,1200.0
578,A578,acceso,,,2440.0,0.0,2440.0,0,equipo_cliente,0,0.0,0.0,0.0,4,1200.0,1200.0
579,A579,acceso,,,2440.0,0.0,2440.0,0,equipo_cliente,0,0.0,0.0,0.0,4,1200.0,1200.0
580,A580,acceso,,,2440.0,0.0,2440.0,0,equipo_cliente,0,0.0,0.0,0.0,4,1200.0,1200.0
581,A581,acceso,,,2440.0,0.0,2440.0,0,equipo_cliente,0,0.0,0.0,0.0,4,1200.0,1200.0
582,A582,acceso,,,2440.0,0.0,2440.0,0,equipo_cliente,0,0.0,0.0,0.0,4,1200.0,1200.0
583,A583,acceso,,,2440.0,0.0,2440.0,0,equipo_cliente,0,0.0,0.0,0.0,4,1200.0,1200.0
584,A584,acceso,,,2440.0,0.0,2440.0,0,equipo_cliente,0,0.0,0.0,0.0,4,1200.0,1200.0
585,A585,acceso,,,2440.0,0.0,2440.0,0,equipo_cliente,0,0.0,0.0,0.0,4,1200.0,1200.0
586,A586,acceso,,,2440.0,0.0,2440.0,0,equipo_cliente,0,0.0,0.0,0.0,4,1200.0,1200.0
587,A587,acceso,,,2440.0,0.0,2440.0,0,equipo_cliente,0,0.0,0.0,0.0,4,1200.0,1200.0
588,A588,acceso,,,2440.0,0.0,2440.0,0,equipo_cliente,0,0.0,0.0,0.0,4,1200.0,1200.0
589,A589,acceso,,,2440.0,0.0,2440.0,0,equipo_cliente,0,0.0,0.0,0.0,4,1200.0,1200.0
590,A590,acceso,,,2440.0,0.0,2440.0,0,equipo_cliente,0,0.0,0.0,0.0,4,1200.0,1200.0
591,A591,acceso,,,2440.0,0.0,2440.0,0,equipo_cliente,0,0.0,0.0,0.0,4,1200.0,1200.0
592,A592,acceso,,,2440.0,0.0,2440.0,0,equipo_cliente,0,0.0,0.0,0.0,4,1200.0,1200.0
593,A593,acceso,,,2440.0,0.0,2440.0,0,equipo_cliente,0,0.0,0.0,0.0,4,1200.0,1200.0
594,A594,acceso,,,2440.0,0.0,2440.0,0,equipo_cliente,0,0.0,0.0,0.0,4,1200.0,1200.0
595,A595,acceso,,,2440.0,0.0,2440.0,0,equipo_cliente,0,0.0,0.0,0.0,4,1200.0,1200.0
596,A596,acceso,,,2440.0,0.0,2440.0,0,equipo_cliente,0,0.0,0.0,0.0,4,1200.0,1200.0
597,A597,acceso,,,2440.0,0.0,2440.0,0,equipo_cliente,0,0.0,0.0,0.0,4,1200.0,1200.0
598,A598,acceso,,,2440.0,0.0,2440.0,0,equipo_cliente,0,0.0,0.0,0.0,4,1200.0,1200.0
599,A599,acceso,,,2440.0,0.0,2440.0,0,equipo_cliente,0,0.0,0.0,0.0,4,1200.0,1200.0
600,A600,acceso,,,2440.0,0.0,2440.0,0,equipo_cliente,0,0.0,0.0,0.0,4,1200.0,1200.0
601,A601,acceso,,,4000.0,0.0,4000.0,0,equipo_cliente,0,0.0,0.0,0.0,6,1800.0,1800.0
602,A602,acceso,,,4000.0,0.0,4000.0,0,equipo_cliente,0,0.0,0.0,0.0,6,1800.0,1800.0
603,A603,acceso,,,4000.0,0.0,4000.0,0,equipo_cliente,0,0.0,0.0,0.0,6,1800.0,1800.0
604,A604,acceso,,,4000.0,0.0,4000.0,0,equipo_cliente,0,0.0,0.0,0.0,6,1800.0,1800.0
605,A605,acceso,,,4000.0,0.0,4000.0,0,equipo_cliente,0,0.0,0.0,0.0,6,1800.0,1800.0
606,A606,acceso,,,4000.0,0.0,4000.0,0,equipo_cliente,0,0.0,0.0,0.0,6,1800.0,1800.0
607,A607,acceso,,,4000.0,0.0,4000.0,0,equipo_cliente,0,0.0,0.0,0.0,6,1800.0,1800.0
608,A608,acceso,,,4000.0,0.0,4000.0,0,equipo_cliente,0,0.0,0.0,0.0,6,1800.0,1800.0
609,A609,acceso,,,4000.0,0.0,4000.0,0,equipo_cliente,0,0.0,0.0,0.0,6,1800.0,1800.0
610,A610,acceso,,,4000.0,0.0,4000.0,0,equipo_cliente,0,0.0,0.0,0.0,6,1800.0,1800.0
611,A611,acceso,,,4000.0,0.0,4000.0,0,equipo_cliente,0,0.0,0.0,0.0,6,1800.0,1800.0
612,A612,acceso,,,4000.0,0.0,4000.0,0,equipo_cliente,0,0.0,0.0,0.0,6,1800.0,1800.0
613,A613,acceso,,,4000.0,12320.0,16320.0,14,equipo_cliente,0,0.0,0.0,0.0,6,1800.0,1800.0
614,A614,acceso,,,4000.0,22880.0,26880.0,26,equipo_cliente,0,0.0,0.0,0.0,6,1800.0,1800.0
615,A615,acceso,,,4000.0,31680.0,35680.0,36,equipo_cliente,0,0.0,0.0,0.0,6,1800.0,1800.0
616,A616,acceso,,,4000.0,58080.0,62080.0,66,equipo_cliente,0,0.0,0.0,0.0,6,1800.0,1800.0
617,A617,acceso,,,4000.0,79120.0,83120.0,58,equipo_cliente,0,0.0,0.0,0.0,6,1800.0,1800.0
618,A618,acceso,,,4000.0,85400.0,89400.0,35,equipo_cliente,0,0.0,0.0,0.0,6,1800.0,1800.0
619,A619,acceso,,,4000.0,58560.0,62560.0,24,equipo_cliente,0,0.0,0.0,0.0,6,1800.0,1800.0
620,A620,acceso,,,4000.0,46360.0,50360.0,19,equipo_cliente,0,0.0,0.0,0.0,6,1800.0,1800.0
621,A621,acceso,,,4000.0,74080.0,78080.0,17,equipo_cliente,0,0.0,0.0,0.0,6,1800.0,1800.0
622,A622,acceso,,,4000.0,0.0,4000.0,0,equipo_cliente,0,0.0,0.0,0.0,6,1800.0,1800.0
623,A623,acceso,,,4000.0,0.0,4000.0,0,equipo_cliente,0,0.0,0.0,0.0,6,1800.0,1800.0
624,A624,acceso,,,4000.0,0.0,4000.0,0,equipo_cliente,0,0.0,0.0,0.0,6,1800.0,1800.0
625,A625,acceso,,,4000.0,0.0,4000.0,0,equipo_cliente,0,0.0,0.0,0.0,6,1800.0,1800.0
626,A626,acceso,,,4000.0,0.0,4000.0,0,equipo_cliente,0,0.0,0.0,0.0,6,1800.0,1800.0
627,A627,acceso,,,4000.0,0.0,4000.0,0,equipo_cliente,0,0.0,0.0,0.0,6,1800.0,1800.0
628,A628,acceso,,,4000.0,0.0,4000.0,0,equipo_cliente,0,0.0,0.0,0.0,6,1800.0,1800.0
629,A629,acceso,,,4000.0,0.0,4000.0,0,equipo_cliente,0,0.0,0.0,0.0,6,1800.0,1800.0
630,A630,acceso,,,4000.0,70852.0,74852.0,19,equipo_cliente,0,0.0,0.0,0.0,6,1800.0,1800.0
631,A631,acceso,,,4000.0,0.0,4000.0,0,equipo_cliente,0,0.0,0.0,0.0,6,1800.0,1800.0
632,A632,acceso,,,4000.0,0.0,4000.0,0,equipo_cliente,0,0.0,0.0,0.0,6,1800.0,1800.0
633,A633,acceso,,,4000.0,0.0,4000.0,0,equipo_cliente,0,0.0,0.0,0.0,6,1800.0,1800.0
634,A634,acceso,,,4000.0,0.0,4000.0,0,equipo_cliente,0,0.0,0.0,0.0,6,1800.0,1800.0
635,A635,acceso,,,4000.0,0.0,4000.0,0,equipo_cliente,0,0.0,0.0,0.0,6,1800.0,1800.0
636,A636,acceso,,,4000.0,0.0,4000.0,0,equipo_cliente,0,0.0,0.0,0.0,6,1800.0,1800.0
637,A637,acceso,,,4000.0,0.0,4000.0,0,equipo_cliente,0,0.0,0.0,0.0,6,1800.0,1800.0
638,A638,acceso,,,4000.0,0.0,4000.0,0,equipo_cliente,0,0.0,0.0,0.0,6,1800.0,1800.0
639,A639,acceso,,,4000.0,0.0,4000.0,0,equipo_cliente,0,0.0,0.0,0.0,6,1800.0,1800.0
640,A640,acceso,,,4000.0,0.0,4000.0,0,equipo_cliente,0,0.0,0.0,0.0,6,1800.0,1800.0
641,A641,acceso,,,4000.0,0.0,4000.0,0,equipo_cliente,0,0.0,0.0,0.0,6,1800.0,1800.0
642,A642,acceso,,,4000.0,0.0,4000.0,0,equipo_cliente,0,0.0,0.0,0.0,6,1800.0,1800.0
643,A643,acceso,,,4000.0,0.0,4000.0,0,equipo_cliente,0,0.0,0.0,0.0,6,1800.0,1800.0
644,A644,acceso,,,4000.0,0.0,4000.0,0,equipo_cliente,0,0.0,0.0,0.0,6,1800.0,1800.0
645,A645,acceso,,,4000.0,0.0,4000.0,0,equipo_cliente,0,0.0,0.0,0.0,6,1800.0,1800.0
646,A646,acceso,,,4000.0,0.0,4000.0,0,equipo_cliente,0,0.0,0.0,0.0,6,1800.0,1800.0
647,A647,acceso,,,4000.0,0.0,4000.0,0,equipo_cliente,0,0.0,0.0,0.0,6,1800.0,1800.0
648,A648,acceso,,,4000.0,0.0,4000.0,0,equipo_cliente,0,0.0,0.0,0.0,6,1800.0,1800.0
649,A649,acceso,,,4000.0,0.0,4000.0,0,equipo_cliente,0,0.0,0.0,0.0,6,1800.0,1800.0
650,A650,acceso,,,4000.0,0.0,4000.0,0,equipo_cliente,0,0.0,0.0,0.0,6,1800.0,1800.0
651,A651,acceso,,,4000.0,0.0,4000.0,0,equipo_cliente,0,0.0,0.0,0.0,6,1800.0,1800.0
652,A652,acceso,,,4000.0,0.0,4000.0,0,equipo_cliente,0,0.0,0.0,0.0,6,1800.0,1800.0
653,A653,acceso,,,4000.0,0.0,4000.0,0,equipo_cliente,0,0.0,0.0,0.0,6,1800.0,1800.0
654,A654,acceso,,,4000.0,0.0,4000.0,0,equipo_cliente,0,0.0,0.0,0.0,6,1800.0,1800.0
655,A655,acceso,,,4000.0,0.0,4000.0,0,equipo_cliente,0,0.0,0.0,0.0,6,1800.0,1800.0
656,A656,acceso,,,4000.0,0.0,4000.0,0,equipo_cliente,0,0.0,0.0,0.0,6,1800.0,1800.0
657,A657,acceso,,,4000.0,0.0,4000.0,0,equipo_cliente,0,0.0,0.0,0.0,6,1800.0,1800.0
658,A658,acceso,,,4000.0,0.0,4000.0,0,equipo_cliente,0,0.0,0.0,0.0,6,1800.0,1800.0
659,A659,acceso,,,4000.0,0.0,4000.0,0,equipo_cliente,0,0.0,0.0,0.0,6,1800.0,1800.0
660,A660,acceso,,,4000.0,0.0,4000.0,0,equipo_cliente,0,0.0,0.0,0.0,6,1800.0,1800.0
661,A661,acceso,,,4000.0,0.0,4000.0,0,equipo_cliente,0,0.0,0.0,0.0,6,1800.0,1800.0
662,A662,acceso,,,4000.0,0.0,4000.0,0,equipo_cliente,0,0.0,0.0,0.0,6,1800.0,1800.0
663,A663,acceso,,,4000.0,0.0,4000.0,0,equipo_cliente,0,0.0,0.0,0.0,6,1800.0,1800.0
664,A664,acceso,,,4000.0,0.0,4000.0,0,equipo_cliente,0,0.0,0.0,0.0,6,1800.0,1800.0
665,A665,acceso,,,4000.0,0.0,4000.0,0,equipo_cliente,0,0.0,0.0,0.0,6,1800.0,1800.0
666,A666,acceso,,,4000.0,0.0,4000.0,0,equipo_cliente,0,0.0,0.0,0.0,6,1800.0,1800.0
667,A667,acceso,,,4000.0,0.0,4000.0,0,equipo_cliente,0,0.0,0.0,0.0,6,1800.0,1800.0
668,A668,acceso,,,4000.0,0.0,4000.0,0,equipo_cliente,0,0.0,0.0,0.0,6,1800.0,1800.0
669,A669,acceso,,,4000.0,0.0,4000.0,0,equipo_cliente,0,0.0,0.0,0.0,6,1800.0,1800.0
670,A670,acceso,,,4000.0,0.0,4000.0,0,equipo_cliente,0,0.0,0.0,0.0,6,1800.0,1800.0
671,A671,acceso,,,4000.0,0.0,4000.0,0,equipo_cliente,0,0.0,0.0,0.0,6,1800.0,1800.0
672,A672,acceso,,,4000.0,0.0,4000.0,0,equipo_cliente,0,0.0,0.0,0.0,6,1800.0,1800.0
673,A673,acceso,,,4000.0,0.0,4000.0,0,equipo_cliente,0,0.0,0.0,0.0,6,1800.0,1800.0
674,A674,acceso,,,4000.0,0.0,4000.0,0,equipo_cliente,0,0.0,0.0,0.0,6,1800.0,1800.0
675,A675,acceso,,,4000.0,0.0,4000.0,0,equipo_cliente,0,0.0,0.0,0.0,6,1800.0,1800.0
676,A676,acceso,,,4000.0,0.0,4000.0,0,equipo_cliente,0,0.0,0.0,0.0,6,1800.0,1800.0
677,A677,acceso,,,4000.0,0.0,4000.0,0,equipo_cliente,0,0.0,0.0,0.0,6,1800.0,1800.0
678,A678,acceso,,,4000.0,0.0,4000.0,0,equipo_cliente,0,0.0,0.0,0.0,6,1800.0,1800.0
679,A679,acceso,,,4000.0,0.0,4000.0,0,equipo_cliente,0,0.0,0.0,0.0,6,1800.0,1800.0
680,A680,acceso,,,4000.0,0.0,4000.0,0,equipo_cliente,0,0.0,0.0,0.0,6,1800.0,1800.0
681,A681,acceso,,,4000.0,0.0,4000.0,0,equipo_cliente,0,0.0,0.0,0.0,6,1800.0,1800.0
682,A682,acceso,,,4000.0,0.0,4000.0,0,equipo_cliente,0,0.0,0.0,0.0,6,1800.0,1800.0
683,A683,acceso,,,4000.0,0.0,4000.0,0,equipo_cliente,0,0.0,0.0,0.0,6,1800.0,1800.0
684,A684,acceso,,,4000.0,0.0,4000.0,0,equipo_cliente,0,0.0,0.0,0.0,6,1800.0,1800.0
685,A685,acceso,,,4000.0,0.0,4000.0,0,equipo_cliente,0,0.0,0.0,0.0,6,1800.0,1800.0
686,A686,acceso,,,4000.0,0.0,4000.0,0,equipo_cliente,0,0.0,0.0,0.0,6,1800.0,1800.0
687,A687,acceso,,,4000.0,0.0,4000.0,0,equipo_cliente,0,0.0,0.0,0.0,6,1800.0,1800.0
688,A688,acceso,,,4000.0,0.0,4000.0,0,equipo_cliente,0,0.0,0.0,0.0,6,1800.0,1800.0
689,A689,acceso,,,4000.0,0.0,4000.0,0,equipo_cliente,0,0.0,0.0,0.0,6,1800.0,1800.0
690,A690,acceso,,,4000.0,0.0,4000.0,0,equipo_cliente,0,0.0,0.0,0.0,6,1800.0,1800.0
691,A691,acceso,,,4000.0,0.0,4000.0,0,equipo_cliente,0,0.0,0.0,0.0,6,1800.0,1800.0
692,A692,acceso,,,4000.0,0.0,4000.0,0,equipo_cliente,0,0.0,0.0,0.0,6,1800.0,1800.0
693,A693,acceso,,,4000.0,0.0,4000.0,0,equipo_cliente,0,0.0,0.0,0.0,6,1800.0,1800.0
694,A694,acceso,,,4000.0,0.0,4000.0,0,equipo_cliente,0,0.0,0.0,0.0,6,1800.0,1800.0
695,A695,acceso,,,4000.0,0.0,4000.0,0,equipo_cliente,0,0.0,0.0,0.0,6,1800.0,1800.0
696,A696,acceso,,,4000.0,0.0,4000.0,0,equipo_cliente,0,0.0,0.0,0.0,6,1800.0,1800.0
697,A697,acceso,,,4000.0,0.0,4000.0,0,equipo_cliente,0,0.0,0.0,0.0,6,1800.0,1800.0
698,A698,acceso,,,4000.0,0.0,4000.0,0,equipo_cliente,0,0.0,0.0,0.0,6,1800.0,1800.0
699,A699,acceso,,,4000.0,0.0,4000.0,0,equipo_cliente,0,0.0,0.0,0.0,6,1800.0,1800.0
700,A700,acceso,,,4000.0,0.0,4000.0,0,equipo_cliente,0,0.0,0.0,0.0,6,1800.0,1800.0
701,A701,acceso,,,4000.0,0.0,4000.0,0,equipo_cliente,0,0.0,0.0,0.0,6,1800.0,1800.0
702,A702,acceso,,,4000.0,0.0,4000.0,0,equipo_cliente,0,0.0,0.0,0.0,6,1800.0,1800.0
703,A703,acceso,,,4000.0,0.0,4000.0,0,equipo_cliente,0,0.0,0.0,0.0,6,1800.0,1800.0
704,A704,acceso,,,4000.0,0.0,4000.0,0,equipo_cliente,0,0.0,0.0,0.0,6,1800.0,1800.0
705,A705,acceso,,,4000.0,0.0,4000.0,0,equipo_cliente,0,0.0,0.0,0.0,6,1800.0,1800.0
706,A706,acceso,,,4000.0,0.0,4000.0,0,equipo_cliente,0,0.0,0.0,0.0,6,1800.0,1800.0
707,A707,acceso,,,4000.0,0.0,4000.0,0,equipo_cliente,0,0.0,0.0,0.0,6,1800.0,1800.0
708,A708,acceso,,,4000.0,0.0,4000.0,0,equipo_cliente,0,0.0,0.0,0.0,6,1800.0,1800.0
709,A709,acceso,,,4000.0,0.0,4000.0,0,equipo_cliente,0,0.0,0.0,0.0,6,1800.0,1800.0
710,A710,acceso,,,4000.0,0.0,4000.0,0,equipo_cliente,0,0.0,0.0,0.0,6,1800.0,1800.0
711,A711,acceso,,,4000.0,0.0,4000.0,0,equipo_cliente,0,0.0,0.0,0.0,6,1800.0,1800.0
712,A712,acceso,,,4000.0,0.0,4000.0,0,equipo_cliente,0,0.0,0.0,0.0,6,1800.0,1800.0
713,A713,acceso,,,4000.0,0.0,4000.0,0,equipo_cliente,0,0.0,0.0,0.0,6,1800.0,1800.0
714,A714,acceso,,,4000.0,0.0,4000.0,0,equipo_cliente,0,0.0,0.0,0.0,6,1800.0,1800.0
715,A715,acceso,,,4000.0,0.0,4000.0,0,equipo_cliente,0,0.0,0.0,0.0,6,1800.0,1800.0
716,A716,acceso,,,4000.0,0.0,4000.0,0,equipo_cliente,0,0.0,0.0,0.0,6,1800.0,1800.0
717,A717,acceso,,,4000.0,0.0,4000.0,0,equipo_cliente,0,0.0,0.0,0.0,6,1800.0,1800.0
718,A718,acceso,,,4000.0,0.0,4000.0,0,equipo_cliente,0,0.0,0.0,0.0,6,1800.0,1800.0
719,A719,acceso,,,4000.0,0.0,4000.0,0,equipo_cliente,0,0.0,0.0,0.0,6,1800.0,1800.0
720,A720,acceso,,,4000.0,0.0,4000.0,0,equipo_cliente,0,0.0,0.0,0.0,6,1800.0,1800.0
721,A721,acceso,,,4000.0,0.0,4000.0,0,equipo_cliente,0,0.0,0.0,0.0,6,1800.0,1800.0
722,A722,acceso,,,4000.0,0.0,4000.0,0,equipo_cliente,0,0.0,0.0,0.0,6,1800.0,1800.0
723,A723,acceso,,,4000.0,0.0,4000.0,0,equipo_cliente,0,0.0,0.0,0.0,6,1800.0,1800.0
724,A724,acceso,,,4000.0,0.0,4000.0,0,equipo_cliente,0,0.0,0.0,0.0,6,1800.0,1800.0
725,A725,acceso,,,4000.0,0.0,4000.0,0,equipo_cliente,0,0.0,0.0,0.0,6,1800.0,1800.0
726,A726,acceso,,,4000.0,0.0,4000.0,0,equipo_cliente,0,0.0,0.0,0.0,6,1800.0,1800.0
727,A727,acceso,,,4000.0,0.0,4000.0,0,equipo_cliente,0,0.0,0.0,0.0,6,1800.0,1800.0
728,A728,acceso,,,4000.0,0.0,4000.0,0,equipo_cliente,0,0.0,0.0,0.0,6,1800.0,1800.0
729,A729,acceso,,,4000.0,0.0,4000.0,0,equipo_cliente,0,0.0,0.0,0.0,6,1800.0,1800.0
730,A730,acceso,,,4000.0,0.0,4000.0,0,equipo_cliente,0,0.0,0.0,0.0,6,1800.0,1800.0
731,A731,acceso,,,4000.0,0.0,4000.0,0,equipo_cliente,0,0.0,0.0,0.0,6,1800.0,1800.0
732,A732,acceso,,,4000.0,0.0,4000.0,0,equipo_cliente,0,0.0,0.0,0.0,6,1800.0,1800.0
733,A733,acceso,,,4000.0,0.0,4000.0,0,equipo_cliente,0,0.0,0.0,0.0,6,1800.0,1800.0
734,A734,acceso,,,4000.0,0.0,4000.0,0,equipo_cliente,0,0.0,0.0,0.0,6,1800.0,1800.0
735,A735,acceso,,,4000.0,0.0,4000.0,0,equipo_cliente,0,0.0,0.0,0.0,6,1800.0,1800.0
736,A736,acceso,,,4000.0,0.0,4000.0,0,equipo_cliente,0,0.0,0.0,0.0,6,1800.0,1800.0
737,A737,acceso,,,4000.0,0.0,4000.0,0,equipo_cliente,0,0.0,0.0,0.0,6,1800.0,1800.0
738,A738,acceso,,,4000.0,0.0,4000.0,0,equipo_cliente,0,0.0,0.0,0.0,6,1800.0,1800.0
739,A739,acceso,,,4000.0,0.0,4000.0,0,equipo_cliente,0,0.0,0.0,0.0,6,1800.0,1800.0
740,A740,acceso,,,4000.0,0.0,4000.0,0,equipo_cliente,0,0.0,0.0,0.0,6,1800.0,1800.0
741,A741,acceso,,,4000.0,0.0,4000.0,0,equipo_cliente,0,0.0,0.0,0.0,6,1800.0,1800.0
742,A742,acceso,,,4000.0,0.0,4000.0,0,equipo_cliente,0,0.0,0.0,0.0,6,1800.0,1800.0
743,A743,acceso,,,4000.0,0.0,4000.0,0,equipo_cliente,0,0.0,0.0,0.0,6,1800.0,1800.0
744,A744,acceso,,,4000.0,0.0,4000.0,0,equipo_cliente,0,0.0,0.0,0.0,6,1800.0,1800.0
745,A745,acceso,,,4000.0,0.0,4000.0,0,equipo_cliente,0,0.0,0.0,0.0,6,1800.0,1800.0
746,A746,acceso,,,4000.0,0.0,4000.0,0,equipo_cliente,0,0.0,0.0,0.0,6,1800.0,1800.0
747,A747,acceso,,,4000.0,0.0,4000.0,0,equipo_cliente,0,0.0,0.0,0.0,6,1800.0,1800.0
748,A748,acceso,,,4000.0,0.0,4000.0,0,equipo_cliente,0,0.0,0.0,0.0,6,1800.0,1800.0
749,A749,acceso,,,4000.0,0.0,4000.0,0,equipo_cliente,0,0.0,0.0,0.0,6,1800.0,1800.0
750,A750,acceso,,,7600.0,504160.0,511760.0,12,equipo_cliente,0,0.0,0.0,0.0,8,2400.0,2400.0
751,A751,acceso,,,7600.0,16000.0,23600.0,4,equipo_cliente,0,0.0,0.0,0.0,8,2400.0,2400.0
752,A752,acceso,,,7600.0,86852.0,94452.0,4,equipo_cliente,0,0.0,0.0,0.0,8,2400.0,2400.0
753,A753,acceso,,,7600.0,24000.0,31600.0,6,equipo_cliente,0,0.0,0.0,0.0,8,2400.0,2400.0
754,A754,acceso,,,7600.0,4000.0,11600.0,1,equipo_cliente,0,0.0,0.0,0.0,8,2400.0,2400.0
755,A755,acceso,,,7600.0,12000.0,19600.0,3,equipo_cliente,0,0.0,0.0,0.0,8,2400.0,2400.0
756,A756,acceso,,,7600.0,24000.0,31600.0,6,equipo_cliente,0,0.0,0.0,0.0,8,2400.0,2400.0
757,A757,acceso,,,7600.0,4000.0,11600.0,1,equipo_cliente,0,0.0,0.0,0.0,8,2400.0,2400.0
758,A758,acceso,,,7600.0,4000.0,11600.0,1,equipo_cliente,0,0.0,0.0,0.0,8,2400.0,2400.0
759,A759,acceso,,,7600.0,4000.0,11600.0,1,equipo_cliente,0,0.0,0.0,0.0,8,2400.0,2400.0
760,A760,acceso,,,7600.0,24000.0,31600.0,6,equipo_cliente,0,0.0,0.0,0.0,8,2400.0,2400.0
761,A761,acceso,,,7600.0,52000.0,59600.0,13,equipo_cliente,0,0.0,0.0,0.0,8,2400.0,2400.0
762,A762,acceso,,,7600.0,24000.0,31600.0,6,equipo_cliente,0,0.0,0.0,0.0,8,2400.0,2400.0
763,A763,acceso,,,7600.0,8000.0,15600.0,2,equipo_cliente,0,0.0,0.0,0.0,8,2400.0,2400.0
764,A764,acceso,,,7600.0,4000.0,11600.0,1,equipo_cliente,0,0.0,0.0,0.0,8,2400.0,2400.0
765,A765,acceso,,,7600.0,40000.0,47600.0,10,equipo_cliente,0,0.0,0.0,0.0,8,2400.0,2400.0
766,A766,acceso,,,7600.0,20000.0,27600.0,5,equipo_cliente,0,0.0,0.0,0.0,8,2400.0,2400.0
767,A767,acceso,,,7600.0,12000.0,19600.0,3,equipo_cliente,0,0.0,0.0,0.0,8,2400.0,2400.0
768,A768,acceso,,,7600.0,16000.0,23600.0,4,equipo_cliente,0,0.0,0.0,0.0,8,2400.0,2400.0
769,A769,acceso,,,7600.0,8000.0,15600.0,2,equipo_cliente,0,0.0,0.0,0.0,8,2400.0,2400.0
770,A770,acceso,,,7600.0,20000.0,27600.0,5,equipo_cliente,0,0.0,0.0,0.0,8,2400.0,2400.0
771,A771,acceso,,,7600.0,40000.0,47600.0,10,equipo_cliente,0,0.0,0.0,0.0,8,2400.0,2400.0
772,A772,acceso,,,7600.0,84000.0,91600.0,21,equipo_cliente,0,0.0,0.0,0.0,8,2400.0,2400.0
773,A773,acceso,,,7600.0,16000.0,23600.0,4,equipo_cliente,0,0.0,0.0,0.0,8,2400.0,2400.0
774,A774,acceso,,,7600.0,744212.0,751812.0,12,equipo_cliente,0,0.0,0.0,0.0,8,2400.0,2400.0
775,A775,acceso,,,7600.0,0.0,7600.0,0,equipo_cliente,0,0.0,0.0,0.0,8,2400.0,2400.0
776,A776,acceso,,,7600.0,126000.0,133600.0,5,equipo_cliente,0,0.0,0.0,0.0,8,2400.0,2400.0
777,A777,acceso,,,7600.0,383200.0,390800.0,12,equipo_cliente,0,0.0,0.0,0.0,8,2400.0,2400.0
778,A778,acceso,,,7600.0,0.0,7600.0,0,equipo_cliente,0,0.0,0.0,0.0,8,2400.0,2400.0
779,A779,acceso,,,7600.0,0.0,7600.0,0,equipo_cliente,0,0.0,0.0,0.0,8,2400.0,2400.0
780,A780,acceso,,,7600.0,0.0,7600.0,0,equipo_cliente,0,0.0,0.0,0.0,8,2400.0,2400.0
781,A781,acceso,,,7600.0,0.0,7600.0,0,equipo_cliente,0,0.0,0.0,0.0,8,2400.0,2400.0
782,A782,acceso,,,7600.0,0.0,7600.0,0,equipo_cliente,0,0.0,0.0,0.0,8,2400.0,2400.0
783,A783,acceso,,,7600.0,0.0,7600.0,0,equipo_cliente,0,0.0,0.0,0.0,8,2400.0,2400.0
784,A784,acceso,,,7600.0,0.0,7600.0,0,equipo_cliente,0,0.0,0.0,0.0,8,2400.0,2400.0
785,A785,acceso,,,7600.0,0.0,7600.0,0,equipo_cliente,0,0.0,0.0,0.0,8,2400.0,2400.0
786,A786,acceso,,,7600.0,0.0,7600.0,0,equipo_cliente,0,0.0,0.0,0.0,8,2400.0,2400.0
787,A787,acceso,,,7600.0,0.0,7600.0,0,equipo_cliente,0,0.0,0.0,0.0,8,2400.0,2400.0
788,A788,acceso,,,7600.0,0.0,7600.0,0,equipo_cliente,0,0.0,0.0,0.0,8,2400.0,2400.0
789,A789,acceso,,,7600.0,0.0,7600.0,0,equipo_cliente,0,0.0,0.0,0.0,8,2400.0,2400.0
790,A790,acceso,,,7600.0,0.0,7600.0,0,equipo_cliente,0,0.0,0.0,0.0,8,2400.0,2400.0
791,A791,acceso,,,7600.0,0.0,7600.0,0,equipo_cliente,0,0.0,0.0,0.0,8,2400.0,2400.0
792,A792,acceso,,,7600.0,0.0,7600.0,0,equipo_cliente,0,0.0,0.0,0.0,8,2400.0,2400.0
793,A793,acceso,,,7600.0,0.0,7600.0,0,equipo_cliente,0,0.0,0.0,0.0,8,2400.0,2400.0
794,A794,acceso,,,7600.0,0.0,7600.0,0,equipo_cliente,0,0.0,0.0,0.0,8,2400.0,2400.0
795,A795,acceso,,,7600.0,0.0,7600.0,0,equipo_cliente,0,0.0,0.0,0.0,8,2400.0,2400.0
796,A796,acceso,,,7600.0,0.0,7600.0,0,equipo_cliente,0,0.0,0.0,0.0,8,2400.0,2400.0
797,A797,acceso,,,7600.0,0.0,7600.0,0,equipo_cliente,0,0.0,0.0,0.0,8,2400.0,2400.0
798,A798,acceso,,,7600.0,0.0,7600.0,0,equipo_cliente,0,0.0,0.0,0.0,8,2400.0,2400.0
799,A799,acceso,,,7600.0,0.0,7600.0,0,equipo_cliente,0,0.0,0.0,0.0,8,2400.0,2400.0
800,A800,agregacion,A2,,11200.0,759412.0,770612.0,2,mpls + 20×agreg_40p + optico_40l,22,350000.0,100000.0,0.0,10,3000.0,453000.0
801,A801,agregacion,A2,,11200.0,133600.0,144800.0,1,mpls + 4×agreg_40p + optico_40l,6,158000.0,100000.0,0.0,10,3000.0,261000.0
802,A802,agregacion,A2,,11200.0,390800.0,402000.0,1,mpls + 11×agreg_40p + optico_40l,13,242000.0,100000.0,0.0,10,3000.0,345000.0
803,A803,agregacion,A2,,11200.0,7600.0,18800.0,1,agreg_20p,1,5000.0,100000.0,0.0,10,3000.0,108000.0
804,A804,agregacion,A2,,11200.0,7600.0,18800.0,1,agreg_20p,1,5000.0,100000.0,0.0,10,3000.0,108000.0
805,A805,agregacion,A2,,11200.0,7600.0,18800.0,1,agreg_20p,1,5000.0,100000.0,0.0,10,3000.0,108000.0
806,A806,agregacion,A2,,11200.0,7600.0,18800.0,1,agreg_20p,1,5000.0,100000.0,0.0,10,3000.0,108000.0
807,A807,agregacion,A2,,11200.0,7600.0,18800.0,1,agreg_20p,1,5000.0,100000.0,0.0,10,3000.0,108000.0
808,A808,agregacion,A3,,11200.0,7600.0,18800.0,1,agreg_20p,1,5000.0,100000.0,0.0,10,3000.0,108000.0
809,A809,agregacion,A3,,11200.0,7600.0,18800.0,1,agreg_20p,1,5000.0,100000.0,0.0,10,3000.0,108000.0
810,A810,agregacion,A3,,11200.0,7600.0,18800.0,1,agreg_20p,1,5000.0,100000.0,0.0,10,3000.0,108000.0
811,A811,agregacion,A3,,11200.0,7600.0,18800.0,1,agreg_20p,1,5000.0,100000.0,0.0,10,3000.0,108000.0
812,A812,agregacion,A4,,11200.0,7600.0,18800.0,1,agreg_20p,1,5000.0,100000.0,0.0,10,3000.0,108000.0
813,A813,agregacion,A4,,11200.0,7600.0,18800.0,1,agreg_20p,1,5000.0,100000.0,0.0,10,3000.0,108000.0
814,A814,agregacion,A4,,11200.0,7600.0,18800.0,1,agreg_20p,1,5000.0,100000.0,0.0,10,3000.0,108000.0
815,A815,agregacion,A4,,11200.0,7600.0,18800.0,1,agreg_20p,1,5000.0,100000.0,0.0,10,3000.0,108000.0
816,A816,agregacion,A5,,11200.0,7600.0,18800.0,1,agreg_20p,1,5000.0,100000.0,0.0,10,3000.0,108000.0
817,A817,agregacion,A5,,11200.0,7600.0,18800.0,1,agreg_20p,1,5000.0,100000.0,0.0,10,3000.0,108000.0
818,A818,agregacion,A5,,11200.0,7600.0,18800.0,1,agreg_20p,1,5000.0,100000.0,0.0,10,3000.0,108000.0
819,A819,agregacion,A5,,11200.0,7600.0,18800.0,1,agreg_20p,1,5000.0,100000.0,0.0,10,3000.0,108000.0
820,A820,agregacion,A6,,11200.0,7600.0,18800.0,1,agreg_20p,1,5000.0,100000.0,0.0,10,3000.0,108000.0
821,A821,agregacion,A6,,11200.0,7600.0,18800.0,1,agreg_20p,1,5000.0,100000.0,0.0,10,3000.0,108000.0
822,A822,agregacion,A6,,11200.0,7600.0,18800.0,1,agreg_20p,1,5000.0,100000.0,0.0,10,3000.0,108000.0
823,A823,agregacion,A6,,11200.0,7600.0,18800.0,1,agreg_20p,1,5000.0,100000.0,0.0,10,3000.0,108000.0
824,A824,agregacion,A7,,11200.0,7600.0,18800.0,1,agreg_20p,1,5000.0,100000.0,0.0,10,3000.0,108000.0
825,A825,agregacion,A7,,11200.0,0.0,11200.0,0,agreg_20p,1,5000.0,100000.0,0.0,10,3000.0,108000.0
826,A826,agregacion,A7,,11200.0,0.0,11200.0,0,agreg_20p,1,5000.0,100000.0,0.0,10,3000.0,108000.0
827,A827,agregacion,A7,,11200.0,0.0,11200.0,0,agreg_20p,1,5000.0,100000.0,0.0,10,3000.0,108000.0
828,A828,agregacion,A8,,11200.0,0.0,11200.0,0,agreg_20p,1,5000.0,100000.0,0.0,10,3000.0,108000.0
829,A829,agregacion,A8,,11200.0,0.0,11200.0,0,agreg_20p,1,5000.0,100000.0,0.0,10,3000.0,108000.0
830,A830,agregacion,A8,,11200.0,0.0,11200.0,0,agreg_20p,1,5000.0,100000.0,0.0,10,3000.0,108000.0
831,A831,agregacion,A8,,11200.0,0.0,11200.0,0,agreg_20p,1,5000.0,100000.0,0.0,10,3000.0,108000.0
832,A832,agregacion,A9,,11200.0,0.0,11200.0,0,agreg_20p,1,5000.0,100000.0,0.0,10,3000.0,108000.0
833,A833,agregacion,A9,,11200.0,0.0,11200.0,0,agreg_20p,1,5000.0,100000.0,0.0,10,3000.0,108000.0
834,A834,agregacion,A9,,11200.0,0.0,11200.0,0,agreg_20p,1,5000.0,100000.0,0.0,10,3000.0,108000.0
835,A835,agregacion,A9,,18500.0,0.0,18500.0,0,agreg_20p,1,5000.0,100000.0,0.0,15,4500.0,109500.0
836,A836,agregacion,A10,,18500.0,0.0,18500.0,0,agreg_20p,1,5000.0,100000.0,0.0,15,4500.0,109500.0
837,A837,agregacion,A10,,18500.0,0.0,18500.0,0,agreg_20p,1,5000.0,100000.0,0.0,15,4500.0,109500.0
838,A838,agregacion,A10,,18500.0,0.0,18500.0,0,agreg_20p,1,5000.0,100000.0,0.0,15,4500.0,109500.0
839,A839,agregacion,A10,,18500.0,0.0,18500.0,0,agreg_20p,1,5000.0,100000.0,0.0,15,4500.0,109500.0
840,A840,agregacion,A11,,18500.0,0.0,18500.0,0,agreg_20p,1,5000.0,100000.0,0.0,15,4500.0,109500.0
841,A841,agregacion,A11,,18500.0,0.0,18500.0,0,agreg_20p,1,5000.0,100000.0,0.0,15,4500.0,109500.0
842,A842,agregacion,A11,,18500.0,0.0,18500.0,0,agreg_20p,1,5000.0,100000.0,0.0,15,4500.0,109500.0
843,A843,agregacion,A11,,18500.0,0.0,18500.0,0,agreg_20p,1,5000.0,100000.0,0.0,15,4500.0,109500.0
844,A844,agregacion,A10,,18500.0,0.0,18500.0,0,agreg_20p,1,5000.0,100000.0,0.0,15,4500.0,109500.0
845,A845,agregacion,A10,,18500.0,0.0,18500.0,0,agreg_20p,1,5000.0,100000.0,0.0,15,4500.0,109500.0
846,A846,agregacion,A10,,18500.0,0.0,18500.0,0,agreg_20p,1,5000.0,100000.0,0.0,15,4500.0,109500.0
847,A847,agregacion,A10,,18500.0,0.0,18500.0,0,agreg_20p,1,5000.0,100000.0,0.0,15,4500.0,109500.0
848,A848,agregacion,A9,,18500.0,0.0,18500.0,0,agreg_20p,1,5000.0,100000.0,0.0,15,4500.0,109500.0
849,A849,agregacion,A9,,18500.0,0.0,18500.0,0,agreg_20p,1,5000.0,100000.0,0.0,15,4500.0,109500.0
850,A850,agregacion,A9,,18500.0,0.0,18500.0,0,agreg_20p,1,5000.0,100000.0,0.0,15,4500.0,109500.0
851,A851,agregacion,A9,,18500.0,0.0,18500.0,0,agreg_20p,1,5000.0,100000.0,0.0,15,4500.0,109500.0
852,A852,agregacion,A8,,18500.0,0.0,18500.0,0,agreg_20p,1,5000.0,100000.0,0.0,15,4500.0,109500.0
853,A853,agregacion,A8,,18500.0,0.0,18500.0,0,agreg_20p,1,5000.0,100000.0,0.0,15,4500.0,109500.0
854,A854,agregacion,A8,,18500.0,0.0,18500.0,0,agreg_20p,1,5000.0,100000.0,0.0,15,4500.0,109500.0
855,A855,agregacion,A8,,18500.0,0.0,18500.0,0,agreg_20p,1,5000.0,100000.0,0.0,15,4500.0,109500.0
856,A856,agregacion,A7,,18500.0,0.0,18500.0,0,agreg_20p,1,5000.0,100000.0,0.0,15,4500.0,109500.0
857,A857,agregacion,A7,,18500.0,0.0,18500.0,0,agreg_20p,1,5000.0,100000.0,0.0,15,4500.0,109500.0
858,A858,agregacion,A7,,18500.0,0.0,18500.0,0,agreg_20p,1,5000.0,100000.0,0.0,15,4500.0,109500.0
859,A859,agregacion,A7,,18500.0,0.0,18500.0,0,agreg_20p,1,5000.0,100000.0,0.0,15,4500.0,109500.0
860,A860,agregacion,A6,,18500.0,0.0,18500.0,0,agreg_20p,1,5000.0,100000.0,0.0,15,4500.0,109500.0
861,A861,agregacion,A6,,18500.0,0.0,18500.0,0,agreg_20p,1,5000.0,100000.0,0.0,15,4500.0,109500.0
862,A862,agregacion,A6,,18500.0,0.0,18500.0,0,agreg_20p,1,5000.0,100000.0,0.0,15,4500.0,109500.0
863,A863,agregacion,A6,,18500.0,0.0,18500.0,0,agreg_20p,1,5000.0,100000.0,0.0,15,4500.0,109500.0
864,A864,agregacion,A5,,29200.0,0.0,29200.0,0,agreg_40p,1,12000.0,100000.0,0.0,20,6000.0,118000.0
865,A865,agregacion,A5,,29200.0,0.0,29200.0,0,agreg_40p,1,12000.0,100000.0,0.0,20,6000.0,118000.0
866,A866,agregacion,A5,,29200.0,0.0,29200.0,0,agreg_40p,1,12000.0,100000.0,0.0,20,6000.0,118000.0
867,A867,agregacion,A5,,29200.0,0.0,29200.0,0,agreg_40p,1,12000.0,100000.0,0.0,20,6000.0,118000.0
868,A868,agregacion,A4,,29200.0,0.0,29200.0,0,agreg_40p,1,12000.0,100000.0,0.0,20,6000.0,118000.0
869,A869,agregacion,A4,,29200.0,0.0,29200.0,0,agreg_40p,1,12000.0,100000.0,0.0,20,6000.0,118000.0
870,A870,agregacion,A4,,29200.0,0.0,29200.0,0,agreg_40p,1,12000.0,100000.0,0.0,20,6000.0,118000.0
871,A871,agregacion,A4,,29200.0,0.0,29200.0,0,agreg_40p,1,12000.0,100000.0,0.0,20,6000.0,118000.0
872,A872,agregacion,A3,,29200.0,0.0,29200.0,0,agreg_40p,1,12000.0,100000.0,0.0,20,6000.0,118000.0
873,A873,agregacion,A3,,29200.0,0.0,29200.0,0,agreg_40p,1,12000.0,100000.0,0.0,20,6000.0,118000.0
874,A874,agregacion,A3,,29200.0,0.0,29200.0,0,agreg_40p,1,12000.0,100000.0,0.0,20,6000.0,118000.0
875,A875,agregacion,A3,,29200.0,0.0,29200.0,0,agreg_40p,1,12000.0,100000.0,0.0,20,6000.0,118000.0
876,A876,agregacion,A2,,29200.0,0.0,29200.0,0,agreg_40p,1,12000.0,100000.0,0.0,20,6000.0,118000.0
877,A877,agregacion,A2,,29200.0,0.0,29200.0,0,agreg_40p,1,12000.0,100000.0,0.0,20,6000.0,118000.0
878,A878,agregacion,A2,,29200.0,0.0,29200.0,0,agreg_40p,1,12000.0,100000.0,0.0,20,6000.0,118000.0
879,A879,agregacion,A2,,29200.0,0.0,29200.0,0,agreg_40p,1,12000.0,100000.0,0.0,20,6000.0,118000.0
880,A880,agregacion,A1,,29200.0,0.0,29200.0,0,agreg_40p,1,12000.0,100000.0,0.0,20,6000.0,118000.0
881,A881,agregacion,A1,,29200.0,0.0,29200.0,0,agreg_40p,1,12000.0,100000.0,0.0,20,6000.0,118000.0
882,A882,agregacion,A1,,29200.0,0.0,29200.0,0,agreg_40p,1,12000.0,100000.0,0.0,20,6000.0,118000.0
883,A883,agregacion,A1,,29200.0,0.0,29200.0,0,agreg_40p,1,12000.0,100000.0,0.0,20,6000.0,118000.0
884,A884,agregacion,A1,,29200.0,0.0,29200.0,0,agreg_40p,1,12000.0,100000.0,0.0,20,6000.0,118000.0
885,A885,agregacion,A1,,29200.0,0.0,29200.0,0,agreg_40p,1,12000.0,100000.0,0.0,20,6000.0,118000.0
886,A886,agregacion,A1,,43300.0,0.0,43300.0,0,mpls + 2×agreg_40p,3,74000.0,100000.0,0.0,25,7500.0,181500.0
887,A887,agregacion,A1,,43300.0,0.0,43300.0,0,mpls + 2×agreg_40p,3,74000.0,100000.0,0.0,25,7500.0,181500.0
888,A888,agregacion,A1,,43300.0,0.0,43300.0,0,mpls + 2×agreg_40p,3,74000.0,100000.0,0.0,25,7500.0,181500.0
889,A889,agregacion,A1,,43300.0,0.0,43300.0,0,mpls + 2×agreg_40p,3,74000.0,100000.0,0.0,25,7500.0,181500.0
890,A890,agregacion,A1,,43300.0,0.0,43300.0,0,mpls + 2×agreg_40p,3,74000.0,100000.0,0.0,25,7500.0,181500.0
891,A891,troncal,A11,T1,54000.0,74000.0,128000.0,4,mpls + optico_40l,1,110000.0,100000.0,0.0,30,9000.0,219000.0
892,A892,troncal,A10,T1,54000.0,148000.0,202000.0,8,mpls + optico_40l,1,110000.0,100000.0,0.0,30,9000.0,219000.0
893,A893,troncal,A9,T2,54000.0,126100.0,180100.0,8,mpls + optico_40l,1,110000.0,100000.0,0.0,30,9000.0,219000.0
894,A894,troncal,A8,T2,54000.0,118800.0,172800.0,8,mpls + optico_40l,1,110000.0,100000.0,0.0,30,9000.0,219000.0
895,A895,troncal,A7,T3,72000.0,126400.0,198400.0,8,mpls + optico_40l,1,110000.0,100000.0,0.0,40,12000.0,222000.0
896,A896,troncal,A6,T3,107000.0,149200.0,256200.0,8,mpls + optico_40l,1,110000.0,100000.0,0.0,50,15000.0,225000.0
897,A897,troncal,A5,T3,214000.0,192000.0,406000.0,8,mpls + optico_40l,1,110000.0,100000.0,0.0,100,30000.0,240000.0
898,A898,troncal,A4,T2,352500.0,192000.0,544500.0,8,mpls + optico_40l,1,110000.0,100000.0,0.0,125,37500.0,247500.0
899,A899,troncal,A3,T1,705000.0,192000.0,897000.0,8,mpls + optico_40l,1,110000.0,100000.0,0.0,250,75000.0,285000.0
900,A900,troncal,"A1,A2","T1,T2,T3",1436900.0,4904912.0,6341812.0,32,mpls + optico_40l,1,110000.0,100000.0,5000000.0,769,230700.0,5440700.0
